Course,Chapter,Lesson,Content,descript link,videoFile name,transcript
Lyzr Foundations,Chapter 01: Lyzr Platform & Ecosystem Overview,Introduction to Lyzr Platform,"<h1 style=""color:#651a39; font-weight:700; font-size:24px; margin-top:0; margin-bottom:12px;"">Introduction to Lyzr Platform</h1>

<h2 style=""color:#111827; font-weight:700; font-size:18px; margin-top:20px; margin-bottom:8px; border-bottom:2px solid #e5e7eb; padding-bottom:4px;"">🎯 Learning Objectives</h2>
<ul style=""margin-top:6px; margin-bottom:12px; padding-left:24px;"">
  <li style=""margin-bottom:4px; color:#374151;"">Understand the architecture of the Lyzr Agent Platform and its core building blocks.</li>
  <li style=""margin-bottom:4px; color:#374151;"">Learn how Lyzr enables enterprise-grade AI automation with deterministic control and privacy.</li>
  <li style=""margin-bottom:4px; color:#374151;"">Explore how Agents, Knowledge Bases, Tools, and Memory interact within the ecosystem.</li>
</ul>

<h2 style=""color:#111827; font-weight:700; font-size:18px; margin-top:20px; margin-bottom:8px; border-bottom:2px solid #e5e7eb; padding-bottom:4px;"">📚 Overview & Core Architecture</h2>
<p style=""color:#374151; line-height:1.6; margin-top:6px; margin-bottom:10px;"">Lyzr is a full-stack, enterprise-agent platform built to deliver production-ready autonomous AI agents. Unlike simple chat interfaces, Lyzr decouples agent logic, knowledge retrieval, and tool execution into modular components.</p>

<p style=""color:#374151; line-height:1.6; margin-top:6px; margin-bottom:10px;"">Key platform highlights:</p>
<ul style=""margin-top:6px; margin-bottom:12px; padding-left:24px;"">
  <li style=""margin-bottom:4px; color:#374151;""><b>Deterministic Guardrails:</b> Ensure agent responses align with corporate compliance and safety rules.</li>
  <li style=""margin-bottom:4px; color:#374151;""><b>Private Data Ingestion:</b> Connect internal documents and data lakes without exposing sensitive enterprise IP.</li>
  <li style=""margin-bottom:4px; color:#374151;""><b>Multi-Agent Orchestration:</b> Coordinate specialized sub-agents under a central Manager Agent.</li>
</ul>

<h2 style=""color:#111827; font-weight:700; font-size:18px; margin-top:20px; margin-bottom:8px; border-bottom:2px solid #e5e7eb; padding-bottom:4px;"">🛠️ Step-by-Step Walkthrough</h2>
<p style=""color:#374151; line-height:1.6; margin-top:6px; margin-bottom:10px;"">1. <b>Navigate to the Platform Dashboard:</b> Open Agent Studio or initialize the Lyzr SDK.</p>
<p style=""color:#374151; line-height:1.6; margin-top:6px; margin-bottom:10px;"">2. <b>Review Environment Credentials:</b> Ensure your API keys and provider models are correctly configured.</p>
<p style=""color:#374151; line-height:1.6; margin-top:6px; margin-bottom:10px;"">3. <b>Explore Built-In Templates:</b> Review pre-configured agent templates for document Q&A, research, and data processing.</p>

<h2 style=""color:#111827; font-weight:700; font-size:18px; margin-top:20px; margin-bottom:8px; border-bottom:2px solid #e5e7eb; padding-bottom:4px;"">💡 Key Takeaways</h2>
<ul style=""margin-top:6px; margin-bottom:12px; padding-left:24px;"">
  <li style=""margin-bottom:4px; color:#374151;"">Lyzr combines fast prototyping with enterprise compliance and security.</li>
  <li style=""margin-bottom:4px; color:#374151;"">Agents can be managed visually via Agent Studio or programmatically via the Lyzr ADK Python SDK.</li>
</ul>",https://share.descript.com/view/M7ktDjS5XE4,C01_CH01_L01_introduction_to_lyzr_platform.mp4,Take a use case where we will build an agent which is backed by knowledge base. So the use case goes as follows. We have an employee handbook from Nova Bridge Technologies and this handbook contains details about the employee policies at Nova Bridge Technologies. Let see what all it contains. It contains different employment policies code and conduct ethics compensation and benefits leave and time off policies and various other policies related to employees. What we want to do is build an agent that will answer any query related to employee policies. This agent will be used by employees of this company and they will ask any question related to employee policy. If the answer lies in this particular document the agent should be able to answer that particular query. However if the answer is not present in this particular document it should say that I do not know the answer to your query. So let see how we can do that So we are going to build this agent and the knowledge base in the studio platform at studio.lyza.ai. So firstly we will create the knowledge base. Followed by that we will create the agent which will use this knowledge base. In order to create the knowledge base from the left navigation menu go to Knowledge Base and on the top right click on the New button and select Knowledge Base. We will create a basic knowledge base. However we do support graph-based knowledge base as well. Let give it a good name say Nova Bridge Employee Policies a description Knowledge base containing employee policies for Nova Bridge Technologies employees. And then select the vector store as per your choice and the text embedding model as per your choice. I will leave both of them as default and I create the knowledge base. Now in knowledge base we support multiple types of sources. These are all unstructured data present in the form of text. So we support adding files. The files could be of different formats .pdf .docx .txt. We also support adding websites. Whenever you add a website you can crawl the website to multiple subpages and all those web pages could be added as a knowledge base. Then we also support text and live source. Live source supports drives like SharePoint and Google Drive as well as website. This option is useful whenever you want to recrawl and reprocess the data again and again at regular intervals because the data is updating at the source. For example when you select website you
Lyzr Foundations,Chapter 01: Lyzr Platform & Ecosystem Overview,Client Success Stories,"<h1 style=""color:#651a39; font-weight:700; font-size:24px; margin-top:0; margin-bottom:12px;"">Client Success Stories</h1>

<h2 style=""color:#111827; font-weight:700; font-size:18px; margin-top:20px; margin-bottom:8px; border-bottom:2px solid #e5e7eb; padding-bottom:4px;"">🎯 Learning Objectives</h2>
<ul style=""margin-top:6px; margin-bottom:12px; padding-left:24px;"">
  <li style=""margin-bottom:4px; color:#374151;"">Master the core concepts of Client Success Stories.</li>
  <li style=""margin-bottom:4px; color:#374151;"">Implement step-by-step configurations in Lyzr.</li>
  <li style=""margin-bottom:4px; color:#374151;"">Apply best practices for enterprise deployment.</li>
</ul>

<h2 style=""color:#111827; font-weight:700; font-size:18px; margin-top:20px; margin-bottom:8px; border-bottom:2px solid #e5e7eb; padding-bottom:4px;"">📚 Overview</h2>
<p style=""color:#374151; line-height:1.6; margin-top:6px; margin-bottom:10px;"">This lesson covers Client Success Stories in detail, providing actionable guidance for building reliable autonomous agent workflows.</p>

<h2 style=""color:#111827; font-weight:700; font-size:18px; margin-top:20px; margin-bottom:8px; border-bottom:2px solid #e5e7eb; padding-bottom:4px;"">🛠️ Step-by-Step Implementation</h2>
<p style=""color:#374151; line-height:1.6; margin-top:6px; margin-bottom:10px;"">1. <b>Define Objective:</b> Specify clear inputs, outputs, and system instructions.</p>
<p style=""color:#374151; line-height:1.6; margin-top:6px; margin-bottom:10px;"">2. <b>Configure Components:</b> Wire models, memory, and tools.</p>
<p style=""color:#374151; line-height:1.6; margin-top:6px; margin-bottom:10px;"">3. <b>Execute & Verify:</b> Test in the interactive playground or SDK environment.</p>

<h2 style=""color:#111827; font-weight:700; font-size:18px; margin-top:20px; margin-bottom:8px; border-bottom:2px solid #e5e7eb; padding-bottom:4px;"">💡 Key Takeaways</h2>
<ul style=""margin-top:6px; margin-bottom:12px; padding-left:24px;"">
  <li style=""margin-bottom:4px; color:#374151;"">Modular design enables scalable agent orchestration.</li>
  <li style=""margin-bottom:4px; color:#374151;"">Continuous verification ensures consistent performance.</li>
</ul>",https://share.descript.com/view/M7ktDjS5XE4,C01_CH01_L02_client_success_stories.mp4,Take a use case where we will build an agent which is backed by knowledge base. So the use case goes as follows. We have an employee handbook from Nova Bridge Technologies and this handbook contains details about the employee policies at Nova Bridge Technologies. Let see what all it contains. It contains different employment policies code and conduct ethics compensation and benefits leave and time off policies and various other policies related to employees. What we want to do is build an agent that will answer any query related to employee policies. This agent will be used by employees of this company and they will ask any question related to employee policy. If the answer lies in this particular document the agent should be able to answer that particular query. However if the answer is not present in this particular document it should say that I do not know the answer to your query. So let see how we can do that So we are going to build this agent and the knowledge base in the studio platform at studio.lyza.ai. So firstly we will create the knowledge base. Followed by that we will create the agent which will use this knowledge base. In order to create the knowledge base from the left navigation menu go to Knowledge Base and on the top right click on the New button and select Knowledge Base. We will create a basic knowledge base. However we do support graph-based knowledge base as well. Let give it a good name say Nova Bridge Employee Policies a description Knowledge base containing employee policies for Nova Bridge Technologies employees. And then select the vector store as per your choice and the text embedding model as per your choice. I will leave both of them as default and I create the knowledge base. Now in knowledge base we support multiple types of sources. These are all unstructured data present in the form of text. So we support adding files. The files could be of different formats .pdf .docx .txt. We also support adding websites. Whenever you add a website you can crawl the website to multiple subpages and all those web pages could be added as a knowledge base. Then we also support text and live source. Live source supports drives like SharePoint and Google Drive as well as website. This option is useful whenever you want to recrawl and reprocess the data again and again at regular intervals because the data is updating at the source. For example when you select website you
Lyzr Foundations,Chapter 01: Lyzr Platform & Ecosystem Overview,The Lyzr Stack and Architecture,"<h1 style=""color:#651a39; font-weight:700; font-size:24px; margin-top:0; margin-bottom:12px;"">The Lyzr Stack and Architecture</h1>

<h2 style=""color:#111827; font-weight:700; font-size:18px; margin-top:20px; margin-bottom:8px; border-bottom:2px solid #e5e7eb; padding-bottom:4px;"">🎯 Learning Objectives</h2>
<ul style=""margin-top:6px; margin-bottom:12px; padding-left:24px;"">
  <li style=""margin-bottom:4px; color:#374151;"">Master the core concepts of The Lyzr Stack and Architecture.</li>
  <li style=""margin-bottom:4px; color:#374151;"">Implement step-by-step configurations in Lyzr.</li>
  <li style=""margin-bottom:4px; color:#374151;"">Apply best practices for enterprise deployment.</li>
</ul>

<h2 style=""color:#111827; font-weight:700; font-size:18px; margin-top:20px; margin-bottom:8px; border-bottom:2px solid #e5e7eb; padding-bottom:4px;"">📚 Overview</h2>
<p style=""color:#374151; line-height:1.6; margin-top:6px; margin-bottom:10px;"">This lesson covers The Lyzr Stack and Architecture in detail, providing actionable guidance for building reliable autonomous agent workflows.</p>

<h2 style=""color:#111827; font-weight:700; font-size:18px; margin-top:20px; margin-bottom:8px; border-bottom:2px solid #e5e7eb; padding-bottom:4px;"">🛠️ Step-by-Step Implementation</h2>
<p style=""color:#374151; line-height:1.6; margin-top:6px; margin-bottom:10px;"">1. <b>Define Objective:</b> Specify clear inputs, outputs, and system instructions.</p>
<p style=""color:#374151; line-height:1.6; margin-top:6px; margin-bottom:10px;"">2. <b>Configure Components:</b> Wire models, memory, and tools.</p>
<p style=""color:#374151; line-height:1.6; margin-top:6px; margin-bottom:10px;"">3. <b>Execute & Verify:</b> Test in the interactive playground or SDK environment.</p>

<h2 style=""color:#111827; font-weight:700; font-size:18px; margin-top:20px; margin-bottom:8px; border-bottom:2px solid #e5e7eb; padding-bottom:4px;"">💡 Key Takeaways</h2>
<ul style=""margin-top:6px; margin-bottom:12px; padding-left:24px;"">
  <li style=""margin-bottom:4px; color:#374151;"">Modular design enables scalable agent orchestration.</li>
  <li style=""margin-bottom:4px; color:#374151;"">Continuous verification ensures consistent performance.</li>
</ul>",https://share.descript.com/view/M7ktDjS5XE4,C01_CH01_L03_the_lyzr_stack_and_architecture.mp4,Take a use case where we will build an agent which is backed by knowledge base. So the use case goes as follows. We have an employee handbook from Nova Bridge Technologies and this handbook contains details about the employee policies at Nova Bridge Technologies. Let see what all it contains. It contains different employment policies code and conduct ethics compensation and benefits leave and time off policies and various other policies related to employees. What we want to do is build an agent that will answer any query related to employee policies. This agent will be used by employees of this company and they will ask any question related to employee policy. If the answer lies in this particular document the agent should be able to answer that particular query. However if the answer is not present in this particular document it should say that I do not know the answer to your query. So let see how we can do that So we are going to build this agent and the knowledge base in the studio platform at studio.lyza.ai. So firstly we will create the knowledge base. Followed by that we will create the agent which will use this knowledge base. In order to create the knowledge base from the left navigation menu go to Knowledge Base and on the top right click on the New button and select Knowledge Base. We will create a basic knowledge base. However we do support graph-based knowledge base as well. Let give it a good name say Nova Bridge Employee Policies a description Knowledge base containing employee policies for Nova Bridge Technologies employees. And then select the vector store as per your choice and the text embedding model as per your choice. I will leave both of them as default and I create the knowledge base. Now in knowledge base we support multiple types of sources. These are all unstructured data present in the form of text. So we support adding files. The files could be of different formats .pdf .docx .txt. We also support adding websites. Whenever you add a website you can crawl the website to multiple subpages and all those web pages could be added as a knowledge base. Then we also support text and live source. Live source supports drives like SharePoint and Google Drive as well as website. This option is useful whenever you want to recrawl and reprocess the data again and again at regular intervals because the data is updating at the source. For example when you select website you
Lyzr Foundations,Chapter 02: Architect & Studio Overview,Architect Overview,"<h1 style=""color:#651a39; font-weight:700; font-size:24px; margin-top:0; margin-bottom:12px;"">Architect Overview</h1>

<h2 style=""color:#111827; font-weight:700; font-size:18px; margin-top:20px; margin-bottom:8px; border-bottom:2px solid #e5e7eb; padding-bottom:4px;"">🎯 Learning Objectives</h2>
<ul style=""margin-top:6px; margin-bottom:12px; padding-left:24px;"">
  <li style=""margin-bottom:4px; color:#374151;"">Understand the architecture of the Lyzr Agent Platform and its core building blocks.</li>
  <li style=""margin-bottom:4px; color:#374151;"">Learn how Lyzr enables enterprise-grade AI automation with deterministic control and privacy.</li>
  <li style=""margin-bottom:4px; color:#374151;"">Explore how Agents, Knowledge Bases, Tools, and Memory interact within the ecosystem.</li>
</ul>

<h2 style=""color:#111827; font-weight:700; font-size:18px; margin-top:20px; margin-bottom:8px; border-bottom:2px solid #e5e7eb; padding-bottom:4px;"">📚 Overview & Core Architecture</h2>
<p style=""color:#374151; line-height:1.6; margin-top:6px; margin-bottom:10px;"">Lyzr is a full-stack, enterprise-agent platform built to deliver production-ready autonomous AI agents. Unlike simple chat interfaces, Lyzr decouples agent logic, knowledge retrieval, and tool execution into modular components.</p>

<p style=""color:#374151; line-height:1.6; margin-top:6px; margin-bottom:10px;"">Key platform highlights:</p>
<ul style=""margin-top:6px; margin-bottom:12px; padding-left:24px;"">
  <li style=""margin-bottom:4px; color:#374151;""><b>Deterministic Guardrails:</b> Ensure agent responses align with corporate compliance and safety rules.</li>
  <li style=""margin-bottom:4px; color:#374151;""><b>Private Data Ingestion:</b> Connect internal documents and data lakes without exposing sensitive enterprise IP.</li>
  <li style=""margin-bottom:4px; color:#374151;""><b>Multi-Agent Orchestration:</b> Coordinate specialized sub-agents under a central Manager Agent.</li>
</ul>

<h2 style=""color:#111827; font-weight:700; font-size:18px; margin-top:20px; margin-bottom:8px; border-bottom:2px solid #e5e7eb; padding-bottom:4px;"">🛠️ Step-by-Step Walkthrough</h2>
<p style=""color:#374151; line-height:1.6; margin-top:6px; margin-bottom:10px;"">1. <b>Navigate to the Platform Dashboard:</b> Open Agent Studio or initialize the Lyzr SDK.</p>
<p style=""color:#374151; line-height:1.6; margin-top:6px; margin-bottom:10px;"">2. <b>Review Environment Credentials:</b> Ensure your API keys and provider models are correctly configured.</p>
<p style=""color:#374151; line-height:1.6; margin-top:6px; margin-bottom:10px;"">3. <b>Explore Built-In Templates:</b> Review pre-configured agent templates for document Q&A, research, and data processing.</p>

<h2 style=""color:#111827; font-weight:700; font-size:18px; margin-top:20px; margin-bottom:8px; border-bottom:2px solid #e5e7eb; padding-bottom:4px;"">💡 Key Takeaways</h2>
<ul style=""margin-top:6px; margin-bottom:12px; padding-left:24px;"">
  <li style=""margin-bottom:4px; color:#374151;"">Lyzr combines fast prototyping with enterprise compliance and security.</li>
  <li style=""margin-bottom:4px; color:#374151;"">Agents can be managed visually via Agent Studio or programmatically via the Lyzr ADK Python SDK.</li>
</ul>",https://share.descript.com/view/M7ktDjS5XE4,C01_CH02_L01_architect_overview.mp4,Take a use case where we will build an agent which is backed by knowledge base. So the use case goes as follows. We have an employee handbook from Nova Bridge Technologies and this handbook contains details about the employee policies at Nova Bridge Technologies. Let see what all it contains. It contains different employment policies code and conduct ethics compensation and benefits leave and time off policies and various other policies related to employees. What we want to do is build an agent that will answer any query related to employee policies. This agent will be used by employees of this company and they will ask any question related to employee policy. If the answer lies in this particular document the agent should be able to answer that particular query. However if the answer is not present in this particular document it should say that I do not know the answer to your query. So let see how we can do that So we are going to build this agent and the knowledge base in the studio platform at studio.lyza.ai. So firstly we will create the knowledge base. Followed by that we will create the agent which will use this knowledge base. In order to create the knowledge base from the left navigation menu go to Knowledge Base and on the top right click on the New button and select Knowledge Base. We will create a basic knowledge base. However we do support graph-based knowledge base as well. Let give it a good name say Nova Bridge Employee Policies a description Knowledge base containing employee policies for Nova Bridge Technologies employees. And then select the vector store as per your choice and the text embedding model as per your choice. I will leave both of them as default and I create the knowledge base. Now in knowledge base we support multiple types of sources. These are all unstructured data present in the form of text. So we support adding files. The files could be of different formats .pdf .docx .txt. We also support adding websites. Whenever you add a website you can crawl the website to multiple subpages and all those web pages could be added as a knowledge base. Then we also support text and live source. Live source supports drives like SharePoint and Google Drive as well as website. This option is useful whenever you want to recrawl and reprocess the data again and again at regular intervals because the data is updating at the source. For example when you select website you
Lyzr Foundations,Chapter 02: Architect & Studio Overview,Studio Overview,"<h1 style=""color:#651a39; font-weight:700; font-size:24px; margin-top:0; margin-bottom:12px;"">Studio Overview</h1>

<h2 style=""color:#111827; font-weight:700; font-size:18px; margin-top:20px; margin-bottom:8px; border-bottom:2px solid #e5e7eb; padding-bottom:4px;"">🎯 Learning Objectives</h2>
<ul style=""margin-top:6px; margin-bottom:12px; padding-left:24px;"">
  <li style=""margin-bottom:4px; color:#374151;"">Understand the architecture of the Lyzr Agent Platform and its core building blocks.</li>
  <li style=""margin-bottom:4px; color:#374151;"">Learn how Lyzr enables enterprise-grade AI automation with deterministic control and privacy.</li>
  <li style=""margin-bottom:4px; color:#374151;"">Explore how Agents, Knowledge Bases, Tools, and Memory interact within the ecosystem.</li>
</ul>

<h2 style=""color:#111827; font-weight:700; font-size:18px; margin-top:20px; margin-bottom:8px; border-bottom:2px solid #e5e7eb; padding-bottom:4px;"">📚 Overview & Core Architecture</h2>
<p style=""color:#374151; line-height:1.6; margin-top:6px; margin-bottom:10px;"">Lyzr is a full-stack, enterprise-agent platform built to deliver production-ready autonomous AI agents. Unlike simple chat interfaces, Lyzr decouples agent logic, knowledge retrieval, and tool execution into modular components.</p>

<p style=""color:#374151; line-height:1.6; margin-top:6px; margin-bottom:10px;"">Key platform highlights:</p>
<ul style=""margin-top:6px; margin-bottom:12px; padding-left:24px;"">
  <li style=""margin-bottom:4px; color:#374151;""><b>Deterministic Guardrails:</b> Ensure agent responses align with corporate compliance and safety rules.</li>
  <li style=""margin-bottom:4px; color:#374151;""><b>Private Data Ingestion:</b> Connect internal documents and data lakes without exposing sensitive enterprise IP.</li>
  <li style=""margin-bottom:4px; color:#374151;""><b>Multi-Agent Orchestration:</b> Coordinate specialized sub-agents under a central Manager Agent.</li>
</ul>

<h2 style=""color:#111827; font-weight:700; font-size:18px; margin-top:20px; margin-bottom:8px; border-bottom:2px solid #e5e7eb; padding-bottom:4px;"">🛠️ Step-by-Step Walkthrough</h2>
<p style=""color:#374151; line-height:1.6; margin-top:6px; margin-bottom:10px;"">1. <b>Navigate to the Platform Dashboard:</b> Open Agent Studio or initialize the Lyzr SDK.</p>
<p style=""color:#374151; line-height:1.6; margin-top:6px; margin-bottom:10px;"">2. <b>Review Environment Credentials:</b> Ensure your API keys and provider models are correctly configured.</p>
<p style=""color:#374151; line-height:1.6; margin-top:6px; margin-bottom:10px;"">3. <b>Explore Built-In Templates:</b> Review pre-configured agent templates for document Q&A, research, and data processing.</p>

<h2 style=""color:#111827; font-weight:700; font-size:18px; margin-top:20px; margin-bottom:8px; border-bottom:2px solid #e5e7eb; padding-bottom:4px;"">💡 Key Takeaways</h2>
<ul style=""margin-top:6px; margin-bottom:12px; padding-left:24px;"">
  <li style=""margin-bottom:4px; color:#374151;"">Lyzr combines fast prototyping with enterprise compliance and security.</li>
  <li style=""margin-bottom:4px; color:#374151;"">Agents can be managed visually via Agent Studio or programmatically via the Lyzr ADK Python SDK.</li>
</ul>",https://share.descript.com/view/M7ktDjS5XE4,C01_CH02_L02_studio_overview.mp4,Take a use case where we will build an agent which is backed by knowledge base. So the use case goes as follows. We have an employee handbook from Nova Bridge Technologies and this handbook contains details about the employee policies at Nova Bridge Technologies. Let see what all it contains. It contains different employment policies code and conduct ethics compensation and benefits leave and time off policies and various other policies related to employees. What we want to do is build an agent that will answer any query related to employee policies. This agent will be used by employees of this company and they will ask any question related to employee policy. If the answer lies in this particular document the agent should be able to answer that particular query. However if the answer is not present in this particular document it should say that I do not know the answer to your query. So let see how we can do that So we are going to build this agent and the knowledge base in the studio platform at studio.lyza.ai. So firstly we will create the knowledge base. Followed by that we will create the agent which will use this knowledge base. In order to create the knowledge base from the left navigation menu go to Knowledge Base and on the top right click on the New button and select Knowledge Base. We will create a basic knowledge base. However we do support graph-based knowledge base as well. Let give it a good name say Nova Bridge Employee Policies a description Knowledge base containing employee policies for Nova Bridge Technologies employees. And then select the vector store as per your choice and the text embedding model as per your choice. I will leave both of them as default and I create the knowledge base. Now in knowledge base we support multiple types of sources. These are all unstructured data present in the form of text. So we support adding files. The files could be of different formats .pdf .docx .txt. We also support adding websites. Whenever you add a website you can crawl the website to multiple subpages and all those web pages could be added as a knowledge base. Then we also support text and live source. Live source supports drives like SharePoint and Google Drive as well as website. This option is useful whenever you want to recrawl and reprocess the data again and again at regular intervals because the data is updating at the source. For example when you select website you
Lyzr Foundations,Chapter 02: Architect & Studio Overview,Lyzr Capabilities,"<h1 style=""color:#651a39; font-weight:700; font-size:24px; margin-top:0; margin-bottom:12px;"">Lyzr Capabilities</h1>

<h2 style=""color:#111827; font-weight:700; font-size:18px; margin-top:20px; margin-bottom:8px; border-bottom:2px solid #e5e7eb; padding-bottom:4px;"">🎯 Learning Objectives</h2>
<ul style=""margin-top:6px; margin-bottom:12px; padding-left:24px;"">
  <li style=""margin-bottom:4px; color:#374151;"">Master the core concepts of Lyzr Capabilities.</li>
  <li style=""margin-bottom:4px; color:#374151;"">Implement step-by-step configurations in Lyzr.</li>
  <li style=""margin-bottom:4px; color:#374151;"">Apply best practices for enterprise deployment.</li>
</ul>

<h2 style=""color:#111827; font-weight:700; font-size:18px; margin-top:20px; margin-bottom:8px; border-bottom:2px solid #e5e7eb; padding-bottom:4px;"">📚 Overview</h2>
<p style=""color:#374151; line-height:1.6; margin-top:6px; margin-bottom:10px;"">This lesson covers Lyzr Capabilities in detail, providing actionable guidance for building reliable autonomous agent workflows.</p>

<h2 style=""color:#111827; font-weight:700; font-size:18px; margin-top:20px; margin-bottom:8px; border-bottom:2px solid #e5e7eb; padding-bottom:4px;"">🛠️ Step-by-Step Implementation</h2>
<p style=""color:#374151; line-height:1.6; margin-top:6px; margin-bottom:10px;"">1. <b>Define Objective:</b> Specify clear inputs, outputs, and system instructions.</p>
<p style=""color:#374151; line-height:1.6; margin-top:6px; margin-bottom:10px;"">2. <b>Configure Components:</b> Wire models, memory, and tools.</p>
<p style=""color:#374151; line-height:1.6; margin-top:6px; margin-bottom:10px;"">3. <b>Execute & Verify:</b> Test in the interactive playground or SDK environment.</p>

<h2 style=""color:#111827; font-weight:700; font-size:18px; margin-top:20px; margin-bottom:8px; border-bottom:2px solid #e5e7eb; padding-bottom:4px;"">💡 Key Takeaways</h2>
<ul style=""margin-top:6px; margin-bottom:12px; padding-left:24px;"">
  <li style=""margin-bottom:4px; color:#374151;"">Modular design enables scalable agent orchestration.</li>
  <li style=""margin-bottom:4px; color:#374151;"">Continuous verification ensures consistent performance.</li>
</ul>",https://share.descript.com/view/M7ktDjS5XE4,C01_CH02_L03_lyzr_capabilities.mp4,Take a use case where we will build an agent which is backed by knowledge base. So the use case goes as follows. We have an employee handbook from Nova Bridge Technologies and this handbook contains details about the employee policies at Nova Bridge Technologies. Let see what all it contains. It contains different employment policies code and conduct ethics compensation and benefits leave and time off policies and various other policies related to employees. What we want to do is build an agent that will answer any query related to employee policies. This agent will be used by employees of this company and they will ask any question related to employee policy. If the answer lies in this particular document the agent should be able to answer that particular query. However if the answer is not present in this particular document it should say that I do not know the answer to your query. So let see how we can do that So we are going to build this agent and the knowledge base in the studio platform at studio.lyza.ai. So firstly we will create the knowledge base. Followed by that we will create the agent which will use this knowledge base. In order to create the knowledge base from the left navigation menu go to Knowledge Base and on the top right click on the New button and select Knowledge Base. We will create a basic knowledge base. However we do support graph-based knowledge base as well. Let give it a good name say Nova Bridge Employee Policies a description Knowledge base containing employee policies for Nova Bridge Technologies employees. And then select the vector store as per your choice and the text embedding model as per your choice. I will leave both of them as default and I create the knowledge base. Now in knowledge base we support multiple types of sources. These are all unstructured data present in the form of text. So we support adding files. The files could be of different formats .pdf .docx .txt. We also support adding websites. Whenever you add a website you can crawl the website to multiple subpages and all those web pages could be added as a knowledge base. Then we also support text and live source. Live source supports drives like SharePoint and Google Drive as well as website. This option is useful whenever you want to recrawl and reprocess the data again and again at regular intervals because the data is updating at the source. For example when you select website you
Lyzr Foundations,Chapter 03: Autonomous Agents,Computer Agent,"<h1 style=""color:#651a39; font-weight:700; font-size:24px; margin-top:0; margin-bottom:12px;"">Computer Agent</h1>

<h2 style=""color:#111827; font-weight:700; font-size:18px; margin-top:20px; margin-bottom:8px; border-bottom:2px solid #e5e7eb; padding-bottom:4px;"">🎯 Learning Objectives</h2>
<ul style=""margin-top:6px; margin-bottom:12px; padding-left:24px;"">
  <li style=""margin-bottom:4px; color:#374151;"">Master the core concepts of Computer Agent.</li>
  <li style=""margin-bottom:4px; color:#374151;"">Implement step-by-step configurations in Lyzr.</li>
  <li style=""margin-bottom:4px; color:#374151;"">Apply best practices for enterprise deployment.</li>
</ul>

<h2 style=""color:#111827; font-weight:700; font-size:18px; margin-top:20px; margin-bottom:8px; border-bottom:2px solid #e5e7eb; padding-bottom:4px;"">📚 Overview</h2>
<p style=""color:#374151; line-height:1.6; margin-top:6px; margin-bottom:10px;"">This lesson covers Computer Agent in detail, providing actionable guidance for building reliable autonomous agent workflows.</p>

<h2 style=""color:#111827; font-weight:700; font-size:18px; margin-top:20px; margin-bottom:8px; border-bottom:2px solid #e5e7eb; padding-bottom:4px;"">🛠️ Step-by-Step Implementation</h2>
<p style=""color:#374151; line-height:1.6; margin-top:6px; margin-bottom:10px;"">1. <b>Define Objective:</b> Specify clear inputs, outputs, and system instructions.</p>
<p style=""color:#374151; line-height:1.6; margin-top:6px; margin-bottom:10px;"">2. <b>Configure Components:</b> Wire models, memory, and tools.</p>
<p style=""color:#374151; line-height:1.6; margin-top:6px; margin-bottom:10px;"">3. <b>Execute & Verify:</b> Test in the interactive playground or SDK environment.</p>

<h2 style=""color:#111827; font-weight:700; font-size:18px; margin-top:20px; margin-bottom:8px; border-bottom:2px solid #e5e7eb; padding-bottom:4px;"">💡 Key Takeaways</h2>
<ul style=""margin-top:6px; margin-bottom:12px; padding-left:24px;"">
  <li style=""margin-bottom:4px; color:#374151;"">Modular design enables scalable agent orchestration.</li>
  <li style=""margin-bottom:4px; color:#374151;"">Continuous verification ensures consistent performance.</li>
</ul>",https://share.descript.com/view/M7ktDjS5XE4,C01_CH03_L01_computer_agent.mp4,Take a use case where we will build an agent which is backed by knowledge base. So the use case goes as follows. We have an employee handbook from Nova Bridge Technologies and this handbook contains details about the employee policies at Nova Bridge Technologies. Let see what all it contains. It contains different employment policies code and conduct ethics compensation and benefits leave and time off policies and various other policies related to employees. What we want to do is build an agent that will answer any query related to employee policies. This agent will be used by employees of this company and they will ask any question related to employee policy. If the answer lies in this particular document the agent should be able to answer that particular query. However if the answer is not present in this particular document it should say that I do not know the answer to your query. So let see how we can do that So we are going to build this agent and the knowledge base in the studio platform at studio.lyza.ai. So firstly we will create the knowledge base. Followed by that we will create the agent which will use this knowledge base. In order to create the knowledge base from the left navigation menu go to Knowledge Base and on the top right click on the New button and select Knowledge Base. We will create a basic knowledge base. However we do support graph-based knowledge base as well. Let give it a good name say Nova Bridge Employee Policies a description Knowledge base containing employee policies for Nova Bridge Technologies employees. And then select the vector store as per your choice and the text embedding model as per your choice. I will leave both of them as default and I create the knowledge base. Now in knowledge base we support multiple types of sources. These are all unstructured data present in the form of text. So we support adding files. The files could be of different formats .pdf .docx .txt. We also support adding websites. Whenever you add a website you can crawl the website to multiple subpages and all those web pages could be added as a knowledge base. Then we also support text and live source. Live source supports drives like SharePoint and Google Drive as well as website. This option is useful whenever you want to recrawl and reprocess the data again and again at regular intervals because the data is updating at the source. For example when you select website you
Lyzr Foundations,Chapter 03: Autonomous Agents,Git Agent,"<h1 style=""color:#651a39; font-weight:700; font-size:24px; margin-top:0; margin-bottom:12px;"">Git Agent</h1>

<h2 style=""color:#111827; font-weight:700; font-size:18px; margin-top:20px; margin-bottom:8px; border-bottom:2px solid #e5e7eb; padding-bottom:4px;"">🎯 Learning Objectives</h2>
<ul style=""margin-top:6px; margin-bottom:12px; padding-left:24px;"">
  <li style=""margin-bottom:4px; color:#374151;"">Master the core concepts of Git Agent.</li>
  <li style=""margin-bottom:4px; color:#374151;"">Implement step-by-step configurations in Lyzr.</li>
  <li style=""margin-bottom:4px; color:#374151;"">Apply best practices for enterprise deployment.</li>
</ul>

<h2 style=""color:#111827; font-weight:700; font-size:18px; margin-top:20px; margin-bottom:8px; border-bottom:2px solid #e5e7eb; padding-bottom:4px;"">📚 Overview</h2>
<p style=""color:#374151; line-height:1.6; margin-top:6px; margin-bottom:10px;"">This lesson covers Git Agent in detail, providing actionable guidance for building reliable autonomous agent workflows.</p>

<h2 style=""color:#111827; font-weight:700; font-size:18px; margin-top:20px; margin-bottom:8px; border-bottom:2px solid #e5e7eb; padding-bottom:4px;"">🛠️ Step-by-Step Implementation</h2>
<p style=""color:#374151; line-height:1.6; margin-top:6px; margin-bottom:10px;"">1. <b>Define Objective:</b> Specify clear inputs, outputs, and system instructions.</p>
<p style=""color:#374151; line-height:1.6; margin-top:6px; margin-bottom:10px;"">2. <b>Configure Components:</b> Wire models, memory, and tools.</p>
<p style=""color:#374151; line-height:1.6; margin-top:6px; margin-bottom:10px;"">3. <b>Execute & Verify:</b> Test in the interactive playground or SDK environment.</p>

<h2 style=""color:#111827; font-weight:700; font-size:18px; margin-top:20px; margin-bottom:8px; border-bottom:2px solid #e5e7eb; padding-bottom:4px;"">💡 Key Takeaways</h2>
<ul style=""margin-top:6px; margin-bottom:12px; padding-left:24px;"">
  <li style=""margin-bottom:4px; color:#374151;"">Modular design enables scalable agent orchestration.</li>
  <li style=""margin-bottom:4px; color:#374151;"">Continuous verification ensures consistent performance.</li>
</ul>",https://share.descript.com/view/M7ktDjS5XE4,C01_CH03_L02_git_agent.mp4,Take a use case where we will build an agent which is backed by knowledge base. So the use case goes as follows. We have an employee handbook from Nova Bridge Technologies and this handbook contains details about the employee policies at Nova Bridge Technologies. Let see what all it contains. It contains different employment policies code and conduct ethics compensation and benefits leave and time off policies and various other policies related to employees. What we want to do is build an agent that will answer any query related to employee policies. This agent will be used by employees of this company and they will ask any question related to employee policy. If the answer lies in this particular document the agent should be able to answer that particular query. However if the answer is not present in this particular document it should say that I do not know the answer to your query. So let see how we can do that So we are going to build this agent and the knowledge base in the studio platform at studio.lyza.ai. So firstly we will create the knowledge base. Followed by that we will create the agent which will use this knowledge base. In order to create the knowledge base from the left navigation menu go to Knowledge Base and on the top right click on the New button and select Knowledge Base. We will create a basic knowledge base. However we do support graph-based knowledge base as well. Let give it a good name say Nova Bridge Employee Policies a description Knowledge base containing employee policies for Nova Bridge Technologies employees. And then select the vector store as per your choice and the text embedding model as per your choice. I will leave both of them as default and I create the knowledge base. Now in knowledge base we support multiple types of sources. These are all unstructured data present in the form of text. So we support adding files. The files could be of different formats .pdf .docx .txt. We also support adding websites. Whenever you add a website you can crawl the website to multiple subpages and all those web pages could be added as a knowledge base. Then we also support text and live source. Live source supports drives like SharePoint and Google Drive as well as website. This option is useful whenever you want to recrawl and reprocess the data again and again at regular intervals because the data is updating at the source. For example when you select website you
Lyzr Foundations,Chapter 04: Knowledge Bases & Parsing,Designing Knowledge Bases,"<h1 style=""color:#651a39; font-weight:700; font-size:24px; margin-top:0; margin-bottom:12px;"">Designing Knowledge Bases</h1>

<h2 style=""color:#111827; font-weight:700; font-size:18px; margin-top:20px; margin-bottom:8px; border-bottom:2px solid #e5e7eb; padding-bottom:4px;"">🎯 Learning Objectives</h2>
<ul style=""margin-top:6px; margin-bottom:12px; padding-left:24px;"">
  <li style=""margin-bottom:4px; color:#374151;"">Master the fundamentals of Enterprise RAG (Retrieval-Augmented Generation) in Lyzr.</li>
  <li style=""margin-bottom:4px; color:#374151;"">Learn document ingestion strategies for complex PDFs, tabular data, and unstructured text.</li>
  <li style=""margin-bottom:4px; color:#374151;"">Configure hybrid retrieval algorithms including Vector Search, MMR (Maximal Marginal Relevance), and HyDE.</li>
</ul>

<h2 style=""color:#111827; font-weight:700; font-size:18px; margin-top:20px; margin-bottom:8px; border-bottom:2px solid #e5e7eb; padding-bottom:4px;"">📚 Technical Concepts</h2>
<p style=""color:#374151; line-height:1.6; margin-top:6px; margin-bottom:10px;"">Knowledge Bases act as the long-term memory and factual anchor for Lyzr Agents. When a query is received:</p>
<p style=""color:#374151; line-height:1.6; margin-top:6px; margin-bottom:10px;"">1. <b>Ingestion & Chunking:</b> Documents are parsed into semantically coherent text chunks.</p>
<p style=""color:#374151; line-height:1.6; margin-top:6px; margin-bottom:10px;"">2. <b>Embedding & Vector Storage:</b> Chunks are embedded and stored in vector stores.</p>
<p style=""color:#374151; line-height:1.6; margin-top:6px; margin-bottom:10px;"">3. <b>Contextual Retrieval:</b> The retriever fetches the top-K relevant chunks to ground the LLM response.</p>

<h2 style=""color:#111827; font-weight:700; font-size:18px; margin-top:20px; margin-bottom:8px; border-bottom:2px solid #e5e7eb; padding-bottom:4px;"">🛠️ Step-by-Step Configuration</h2>
<p style=""color:#374151; line-height:1.6; margin-top:6px; margin-bottom:10px;"">1. <b>Create a Knowledge Base:</b> In Agent Studio or SDK, select <b>Create Knowledge Base</b>.</p>
<p style=""color:#374151; line-height:1.6; margin-top:6px; margin-bottom:10px;"">2. <b>Upload Documents:</b> Attach PDF files, CSVs, or connect live data connectors.</p>
<p style=""color:#374151; line-height:1.6; margin-top:6px; margin-bottom:10px;"">3. <b>Select Chunking & Parser Strategy:</b> Choose between standard text chunking or layout-aware PDF parsing.</p>
<p style=""color:#374151; line-height:1.6; margin-top:6px; margin-bottom:10px;"">4. <b>Wire to Agent:</b> Connect the Knowledge Base to your agent's knowledge property.</p>

<h2 style=""color:#111827; font-weight:700; font-size:18px; margin-top:20px; margin-bottom:8px; border-bottom:2px solid #e5e7eb; padding-bottom:4px;"">💡 Key Takeaways</h2>
<ul style=""margin-top:6px; margin-bottom:12px; padding-left:24px;"">
  <li style=""margin-bottom:4px; color:#374151;"">Layout-aware parsing ensures tables and structured headers maintain context.</li>
  <li style=""margin-bottom:4px; color:#374151;"">Grounding agents in verified Knowledge Bases eliminates model hallucinations.</li>
</ul>",https://share.descript.com/view/JYCOaor01EZ,C01_CH04_L01_designing_knowledge_bases.mp4,Hello everyone. I am Shruti from the Partner Enablement team at Leizer. In this video we will have a brief walk-through of what Leizer is all about. Let say you are getting into the agentic world. You start by building a simple agent and then you realize how powerful agents are and you start building agents. Slowly you want memory for the agents then comes the rag then comes integration with multiple tools putting together the guardrails so that the agents can be safely deployed to production putting together the testing framework for the agent observability for the agent and soon you realize there are lots of different pieces that are just out of your control. And that is where Leizer is your friend. It is a one-stop shop for managing the complete agent life cycle At Lysa we help enterprises reimagine their complex workflows with agentic AI automation. Let see some of the examples as to how Lysa has helped clients. So we have multiple clients across the globe and our mission is to take the workloads from being people native to being agent native. So here is an example of how we have helped WTW put together a retirement advisory solution. Yet another example that we have is for Accenture where we have put together a corporate venture capital function for them and now they have Agentic OS running two hundred plus agents multiple functions and it has just made their life very easy Here is yet another example of how we have helped KPMG to put together their procurement lifecycle solutions Now that you already know that it can put together multiple different types of solutions let us see how the Laiza stack is put together. At the bottommost layer of the stack is the infrastructure layer. The infrastructure layer specifies where all Laiza can be deployed. It can be deployed on any of the cloud providers be it Azure AWS or GCP. It can also be deployed on on-prem solutions like bare metal virtual machines. On top of this infrastructure layer is the integration layer with multiple models and third-party tools. As an agent it needs to have a model that powers the agent as well as it needs to interact with different third-party tools. All of this integration is taken care of at this layer. Then comes the agent framework the layer which takes care of how to develop and deploy the agents. And then comes the Laiza agent studio layer. This is the layer which interacts directly with the client. You as the user of Laiza will be working
Lyzr Foundations,Chapter 04: Knowledge Bases & Parsing,PDF Parsing Strategies,"<h1 style=""color:#651a39; font-weight:700; font-size:24px; margin-top:0; margin-bottom:12px;"">PDF Parsing Strategies</h1>

<h2 style=""color:#111827; font-weight:700; font-size:18px; margin-top:20px; margin-bottom:8px; border-bottom:2px solid #e5e7eb; padding-bottom:4px;"">🎯 Learning Objectives</h2>
<ul style=""margin-top:6px; margin-bottom:12px; padding-left:24px;"">
  <li style=""margin-bottom:4px; color:#374151;"">Master the fundamentals of Enterprise RAG (Retrieval-Augmented Generation) in Lyzr.</li>
  <li style=""margin-bottom:4px; color:#374151;"">Learn document ingestion strategies for complex PDFs, tabular data, and unstructured text.</li>
  <li style=""margin-bottom:4px; color:#374151;"">Configure hybrid retrieval algorithms including Vector Search, MMR (Maximal Marginal Relevance), and HyDE.</li>
</ul>

<h2 style=""color:#111827; font-weight:700; font-size:18px; margin-top:20px; margin-bottom:8px; border-bottom:2px solid #e5e7eb; padding-bottom:4px;"">📚 Technical Concepts</h2>
<p style=""color:#374151; line-height:1.6; margin-top:6px; margin-bottom:10px;"">Knowledge Bases act as the long-term memory and factual anchor for Lyzr Agents. When a query is received:</p>
<p style=""color:#374151; line-height:1.6; margin-top:6px; margin-bottom:10px;"">1. <b>Ingestion & Chunking:</b> Documents are parsed into semantically coherent text chunks.</p>
<p style=""color:#374151; line-height:1.6; margin-top:6px; margin-bottom:10px;"">2. <b>Embedding & Vector Storage:</b> Chunks are embedded and stored in vector stores.</p>
<p style=""color:#374151; line-height:1.6; margin-top:6px; margin-bottom:10px;"">3. <b>Contextual Retrieval:</b> The retriever fetches the top-K relevant chunks to ground the LLM response.</p>

<h2 style=""color:#111827; font-weight:700; font-size:18px; margin-top:20px; margin-bottom:8px; border-bottom:2px solid #e5e7eb; padding-bottom:4px;"">🛠️ Step-by-Step Configuration</h2>
<p style=""color:#374151; line-height:1.6; margin-top:6px; margin-bottom:10px;"">1. <b>Create a Knowledge Base:</b> In Agent Studio or SDK, select <b>Create Knowledge Base</b>.</p>
<p style=""color:#374151; line-height:1.6; margin-top:6px; margin-bottom:10px;"">2. <b>Upload Documents:</b> Attach PDF files, CSVs, or connect live data connectors.</p>
<p style=""color:#374151; line-height:1.6; margin-top:6px; margin-bottom:10px;"">3. <b>Select Chunking & Parser Strategy:</b> Choose between standard text chunking or layout-aware PDF parsing.</p>
<p style=""color:#374151; line-height:1.6; margin-top:6px; margin-bottom:10px;"">4. <b>Wire to Agent:</b> Connect the Knowledge Base to your agent's knowledge property.</p>

<h2 style=""color:#111827; font-weight:700; font-size:18px; margin-top:20px; margin-bottom:8px; border-bottom:2px solid #e5e7eb; padding-bottom:4px;"">💡 Key Takeaways</h2>
<ul style=""margin-top:6px; margin-bottom:12px; padding-left:24px;"">
  <li style=""margin-bottom:4px; color:#374151;"">Layout-aware parsing ensures tables and structured headers maintain context.</li>
  <li style=""margin-bottom:4px; color:#374151;"">Grounding agents in verified Knowledge Bases eliminates model hallucinations.</li>
</ul>",https://share.descript.com/view/JYCOaor01EZ,C01_CH04_L02_pdf_parsing_strategies.mp4,Hello everyone. I am Shruti from the Partner Enablement team at Leizer. In this video we will have a brief walk-through of what Leizer is all about. Let say you are getting into the agentic world. You start by building a simple agent and then you realize how powerful agents are and you start building agents. Slowly you want memory for the agents then comes the rag then comes integration with multiple tools putting together the guardrails so that the agents can be safely deployed to production putting together the testing framework for the agent observability for the agent and soon you realize there are lots of different pieces that are just out of your control. And that is where Leizer is your friend. It is a one-stop shop for managing the complete agent life cycle At Lysa we help enterprises reimagine their complex workflows with agentic AI automation. Let see some of the examples as to how Lysa has helped clients. So we have multiple clients across the globe and our mission is to take the workloads from being people native to being agent native. So here is an example of how we have helped WTW put together a retirement advisory solution. Yet another example that we have is for Accenture where we have put together a corporate venture capital function for them and now they have Agentic OS running two hundred plus agents multiple functions and it has just made their life very easy Here is yet another example of how we have helped KPMG to put together their procurement lifecycle solutions Now that you already know that it can put together multiple different types of solutions let us see how the Laiza stack is put together. At the bottommost layer of the stack is the infrastructure layer. The infrastructure layer specifies where all Laiza can be deployed. It can be deployed on any of the cloud providers be it Azure AWS or GCP. It can also be deployed on on-prem solutions like bare metal virtual machines. On top of this infrastructure layer is the integration layer with multiple models and third-party tools. As an agent it needs to have a model that powers the agent as well as it needs to interact with different third-party tools. All of this integration is taken care of at this layer. Then comes the agent framework the layer which takes care of how to develop and deploy the agents. And then comes the Laiza agent studio layer. This is the layer which interacts directly with the client. You as the user of Laiza will be working
Lyzr Foundations,Chapter 04: Knowledge Bases & Parsing,Retrieval Algorithms,"<h1 style=""color:#651a39; font-weight:700; font-size:24px; margin-top:0; margin-bottom:12px;"">Retrieval Algorithms</h1>

<h2 style=""color:#111827; font-weight:700; font-size:18px; margin-top:20px; margin-bottom:8px; border-bottom:2px solid #e5e7eb; padding-bottom:4px;"">🎯 Learning Objectives</h2>
<ul style=""margin-top:6px; margin-bottom:12px; padding-left:24px;"">
  <li style=""margin-bottom:4px; color:#374151;"">Master the fundamentals of Enterprise RAG (Retrieval-Augmented Generation) in Lyzr.</li>
  <li style=""margin-bottom:4px; color:#374151;"">Learn document ingestion strategies for complex PDFs, tabular data, and unstructured text.</li>
  <li style=""margin-bottom:4px; color:#374151;"">Configure hybrid retrieval algorithms including Vector Search, MMR (Maximal Marginal Relevance), and HyDE.</li>
</ul>

<h2 style=""color:#111827; font-weight:700; font-size:18px; margin-top:20px; margin-bottom:8px; border-bottom:2px solid #e5e7eb; padding-bottom:4px;"">📚 Technical Concepts</h2>
<p style=""color:#374151; line-height:1.6; margin-top:6px; margin-bottom:10px;"">Knowledge Bases act as the long-term memory and factual anchor for Lyzr Agents. When a query is received:</p>
<p style=""color:#374151; line-height:1.6; margin-top:6px; margin-bottom:10px;"">1. <b>Ingestion & Chunking:</b> Documents are parsed into semantically coherent text chunks.</p>
<p style=""color:#374151; line-height:1.6; margin-top:6px; margin-bottom:10px;"">2. <b>Embedding & Vector Storage:</b> Chunks are embedded and stored in vector stores.</p>
<p style=""color:#374151; line-height:1.6; margin-top:6px; margin-bottom:10px;"">3. <b>Contextual Retrieval:</b> The retriever fetches the top-K relevant chunks to ground the LLM response.</p>

<h2 style=""color:#111827; font-weight:700; font-size:18px; margin-top:20px; margin-bottom:8px; border-bottom:2px solid #e5e7eb; padding-bottom:4px;"">🛠️ Step-by-Step Configuration</h2>
<p style=""color:#374151; line-height:1.6; margin-top:6px; margin-bottom:10px;"">1. <b>Create a Knowledge Base:</b> In Agent Studio or SDK, select <b>Create Knowledge Base</b>.</p>
<p style=""color:#374151; line-height:1.6; margin-top:6px; margin-bottom:10px;"">2. <b>Upload Documents:</b> Attach PDF files, CSVs, or connect live data connectors.</p>
<p style=""color:#374151; line-height:1.6; margin-top:6px; margin-bottom:10px;"">3. <b>Select Chunking & Parser Strategy:</b> Choose between standard text chunking or layout-aware PDF parsing.</p>
<p style=""color:#374151; line-height:1.6; margin-top:6px; margin-bottom:10px;"">4. <b>Wire to Agent:</b> Connect the Knowledge Base to your agent's knowledge property.</p>

<h2 style=""color:#111827; font-weight:700; font-size:18px; margin-top:20px; margin-bottom:8px; border-bottom:2px solid #e5e7eb; padding-bottom:4px;"">💡 Key Takeaways</h2>
<ul style=""margin-top:6px; margin-bottom:12px; padding-left:24px;"">
  <li style=""margin-bottom:4px; color:#374151;"">Layout-aware parsing ensures tables and structured headers maintain context.</li>
  <li style=""margin-bottom:4px; color:#374151;"">Grounding agents in verified Knowledge Bases eliminates model hallucinations.</li>
</ul>",https://share.descript.com/view/JYCOaor01EZ,C01_CH04_L03_retrieval_algorithms.mp4,Hello everyone. I am Shruti from the Partner Enablement team at Leizer. In this video we will have a brief walk-through of what Leizer is all about. Let say you are getting into the agentic world. You start by building a simple agent and then you realize how powerful agents are and you start building agents. Slowly you want memory for the agents then comes the rag then comes integration with multiple tools putting together the guardrails so that the agents can be safely deployed to production putting together the testing framework for the agent observability for the agent and soon you realize there are lots of different pieces that are just out of your control. And that is where Leizer is your friend. It is a one-stop shop for managing the complete agent life cycle At Lysa we help enterprises reimagine their complex workflows with agentic AI automation. Let see some of the examples as to how Lysa has helped clients. So we have multiple clients across the globe and our mission is to take the workloads from being people native to being agent native. So here is an example of how we have helped WTW put together a retirement advisory solution. Yet another example that we have is for Accenture where we have put together a corporate venture capital function for them and now they have Agentic OS running two hundred plus agents multiple functions and it has just made their life very easy Here is yet another example of how we have helped KPMG to put together their procurement lifecycle solutions Now that you already know that it can put together multiple different types of solutions let us see how the Laiza stack is put together. At the bottommost layer of the stack is the infrastructure layer. The infrastructure layer specifies where all Laiza can be deployed. It can be deployed on any of the cloud providers be it Azure AWS or GCP. It can also be deployed on on-prem solutions like bare metal virtual machines. On top of this infrastructure layer is the integration layer with multiple models and third-party tools. As an agent it needs to have a model that powers the agent as well as it needs to interact with different third-party tools. All of this integration is taken care of at this layer. Then comes the agent framework the layer which takes care of how to develop and deploy the agents. And then comes the Laiza agent studio layer. This is the layer which interacts directly with the client. You as the user of Laiza will be working
Lyzr Foundations,Chapter 04: Knowledge Bases & Parsing,Wiring KB to Agent,"<h1 style=""color:#651a39; font-weight:700; font-size:24px; margin-top:0; margin-bottom:12px;"">Wiring KB to Agent</h1>

<h2 style=""color:#111827; font-weight:700; font-size:18px; margin-top:20px; margin-bottom:8px; border-bottom:2px solid #e5e7eb; padding-bottom:4px;"">🎯 Learning Objectives</h2>
<ul style=""margin-top:6px; margin-bottom:12px; padding-left:24px;"">
  <li style=""margin-bottom:4px; color:#374151;"">Master the core concepts of Wiring KB to Agent.</li>
  <li style=""margin-bottom:4px; color:#374151;"">Implement step-by-step configurations in Lyzr.</li>
  <li style=""margin-bottom:4px; color:#374151;"">Apply best practices for enterprise deployment.</li>
</ul>

<h2 style=""color:#111827; font-weight:700; font-size:18px; margin-top:20px; margin-bottom:8px; border-bottom:2px solid #e5e7eb; padding-bottom:4px;"">📚 Overview</h2>
<p style=""color:#374151; line-height:1.6; margin-top:6px; margin-bottom:10px;"">This lesson covers Wiring KB to Agent in detail, providing actionable guidance for building reliable autonomous agent workflows.</p>

<h2 style=""color:#111827; font-weight:700; font-size:18px; margin-top:20px; margin-bottom:8px; border-bottom:2px solid #e5e7eb; padding-bottom:4px;"">🛠️ Step-by-Step Implementation</h2>
<p style=""color:#374151; line-height:1.6; margin-top:6px; margin-bottom:10px;"">1. <b>Define Objective:</b> Specify clear inputs, outputs, and system instructions.</p>
<p style=""color:#374151; line-height:1.6; margin-top:6px; margin-bottom:10px;"">2. <b>Configure Components:</b> Wire models, memory, and tools.</p>
<p style=""color:#374151; line-height:1.6; margin-top:6px; margin-bottom:10px;"">3. <b>Execute & Verify:</b> Test in the interactive playground or SDK environment.</p>

<h2 style=""color:#111827; font-weight:700; font-size:18px; margin-top:20px; margin-bottom:8px; border-bottom:2px solid #e5e7eb; padding-bottom:4px;"">💡 Key Takeaways</h2>
<ul style=""margin-top:6px; margin-bottom:12px; padding-left:24px;"">
  <li style=""margin-bottom:4px; color:#374151;"">Modular design enables scalable agent orchestration.</li>
  <li style=""margin-bottom:4px; color:#374151;"">Continuous verification ensures consistent performance.</li>
</ul>",https://share.descript.com/view/JYCOaor01EZ,C01_CH04_L04_wiring_kb_to_agent.mp4,Hello everyone. I am Shruti from the Partner Enablement team at Leizer. In this video we will have a brief walk-through of what Leizer is all about. Let say you are getting into the agentic world. You start by building a simple agent and then you realize how powerful agents are and you start building agents. Slowly you want memory for the agents then comes the rag then comes integration with multiple tools putting together the guardrails so that the agents can be safely deployed to production putting together the testing framework for the agent observability for the agent and soon you realize there are lots of different pieces that are just out of your control. And that is where Leizer is your friend. It is a one-stop shop for managing the complete agent life cycle At Lysa we help enterprises reimagine their complex workflows with agentic AI automation. Let see some of the examples as to how Lysa has helped clients. So we have multiple clients across the globe and our mission is to take the workloads from being people native to being agent native. So here is an example of how we have helped WTW put together a retirement advisory solution. Yet another example that we have is for Accenture where we have put together a corporate venture capital function for them and now they have Agentic OS running two hundred plus agents multiple functions and it has just made their life very easy Here is yet another example of how we have helped KPMG to put together their procurement lifecycle solutions Now that you already know that it can put together multiple different types of solutions let us see how the Laiza stack is put together. At the bottommost layer of the stack is the infrastructure layer. The infrastructure layer specifies where all Laiza can be deployed. It can be deployed on any of the cloud providers be it Azure AWS or GCP. It can also be deployed on on-prem solutions like bare metal virtual machines. On top of this infrastructure layer is the integration layer with multiple models and third-party tools. As an agent it needs to have a model that powers the agent as well as it needs to interact with different third-party tools. All of this integration is taken care of at this layer. Then comes the agent framework the layer which takes care of how to develop and deploy the agents. And then comes the Laiza agent studio layer. This is the layer which interacts directly with the client. You as the user of Laiza will be working
Lyzr Foundations,Chapter 05: Tools & MCP Servers,Introduction to Tools and MCP,"<h1 style=""color:#651a39; font-weight:700; font-size:24px; margin-top:0; margin-bottom:12px;"">Introduction to Tools and MCP</h1>

<h2 style=""color:#111827; font-weight:700; font-size:18px; margin-top:20px; margin-bottom:8px; border-bottom:2px solid #e5e7eb; padding-bottom:4px;"">🎯 Learning Objectives</h2>
<ul style=""margin-top:6px; margin-bottom:12px; padding-left:24px;"">
  <li style=""margin-bottom:4px; color:#374151;"">Understand the architecture of the Lyzr Agent Platform and its core building blocks.</li>
  <li style=""margin-bottom:4px; color:#374151;"">Learn how Lyzr enables enterprise-grade AI automation with deterministic control and privacy.</li>
  <li style=""margin-bottom:4px; color:#374151;"">Explore how Agents, Knowledge Bases, Tools, and Memory interact within the ecosystem.</li>
</ul>

<h2 style=""color:#111827; font-weight:700; font-size:18px; margin-top:20px; margin-bottom:8px; border-bottom:2px solid #e5e7eb; padding-bottom:4px;"">📚 Overview & Core Architecture</h2>
<p style=""color:#374151; line-height:1.6; margin-top:6px; margin-bottom:10px;"">Lyzr is a full-stack, enterprise-agent platform built to deliver production-ready autonomous AI agents. Unlike simple chat interfaces, Lyzr decouples agent logic, knowledge retrieval, and tool execution into modular components.</p>

<p style=""color:#374151; line-height:1.6; margin-top:6px; margin-bottom:10px;"">Key platform highlights:</p>
<ul style=""margin-top:6px; margin-bottom:12px; padding-left:24px;"">
  <li style=""margin-bottom:4px; color:#374151;""><b>Deterministic Guardrails:</b> Ensure agent responses align with corporate compliance and safety rules.</li>
  <li style=""margin-bottom:4px; color:#374151;""><b>Private Data Ingestion:</b> Connect internal documents and data lakes without exposing sensitive enterprise IP.</li>
  <li style=""margin-bottom:4px; color:#374151;""><b>Multi-Agent Orchestration:</b> Coordinate specialized sub-agents under a central Manager Agent.</li>
</ul>

<h2 style=""color:#111827; font-weight:700; font-size:18px; margin-top:20px; margin-bottom:8px; border-bottom:2px solid #e5e7eb; padding-bottom:4px;"">🛠️ Step-by-Step Walkthrough</h2>
<p style=""color:#374151; line-height:1.6; margin-top:6px; margin-bottom:10px;"">1. <b>Navigate to the Platform Dashboard:</b> Open Agent Studio or initialize the Lyzr SDK.</p>
<p style=""color:#374151; line-height:1.6; margin-top:6px; margin-bottom:10px;"">2. <b>Review Environment Credentials:</b> Ensure your API keys and provider models are correctly configured.</p>
<p style=""color:#374151; line-height:1.6; margin-top:6px; margin-bottom:10px;"">3. <b>Explore Built-In Templates:</b> Review pre-configured agent templates for document Q&A, research, and data processing.</p>

<h2 style=""color:#111827; font-weight:700; font-size:18px; margin-top:20px; margin-bottom:8px; border-bottom:2px solid #e5e7eb; padding-bottom:4px;"">💡 Key Takeaways</h2>
<ul style=""margin-top:6px; margin-bottom:12px; padding-left:24px;"">
  <li style=""margin-bottom:4px; color:#374151;"">Lyzr combines fast prototyping with enterprise compliance and security.</li>
  <li style=""margin-bottom:4px; color:#374151;"">Agents can be managed visually via Agent Studio or programmatically via the Lyzr ADK Python SDK.</li>
</ul>",https://share.descript.com/view/xYNw4wPwzjT,C01_CH05_L01_introduction_to_tools_and_mcp.mp4,Now we will see how you can use tools and MCP servers along with agents. Tools and MCP servers are used for connecting agents to third-party applications so that agents can interact with third-party applications and take actions on them. Here is a use case that we will be working on in this particular example. So here I have taken a news agent which will gather data based on the latest news on any particular topic by performing web search. And once it has gathered the data collected it it will send out an email. Now in order to do that we need two tools. One a tool for performing web search and another a tool that can send emails which could be Gmail. So let do that. So for this from the left navigation menu under Connections go to Tools and I open it in a new tab Firstly let us see MCP servers. We will use an MCP server for performing web search. Let use Tavily MCP server. Tavily is one of the popular web search tools and it comes with a remote MCP server. So here you could see remote MCP server can be connected using this URL and requires an API key. So I will copy this this particular URL. Go to tools and as we don have Tavily available out of the box let click new MCP server name it Tavily Tool for web search. And let put in this URL and we need to add our API key. So for that click on Get an API key. You will need to log in for the first time and I already logged in so I copy this API key and paste it over here. Given that we have already put the API key in the URL I can use Auth type as No Auth and click on Add Server If Lysr is able to successfully connect to this MCP server you will see a green dot over here If you want to use any of the available MCP servers you can just click on them and click on Add and you will be redirected to instructions on how to get this connected. Now if you want to use tools Lysa has a rich set of tools already available and you can see so many different tools here like HubSpot Notion LinkedIn Google Sheets SharePoint Salesforce Confluence. We also have Jira Google Maps and many more. Now let say your... the tool that you looking for is not present in this list.
Lyzr Foundations,Chapter 05: Tools & MCP Servers,Configuring Tavily MCP Server,"<h1 style=""color:#651a39; font-weight:700; font-size:24px; margin-top:0; margin-bottom:12px;"">Configuring Tavily MCP Server</h1>

<h2 style=""color:#111827; font-weight:700; font-size:18px; margin-top:20px; margin-bottom:8px; border-bottom:2px solid #e5e7eb; padding-bottom:4px;"">🎯 Learning Objectives</h2>
<ul style=""margin-top:6px; margin-bottom:12px; padding-left:24px;"">
  <li style=""margin-bottom:4px; color:#374151;"">Connect Lyzr Agents to external tools and APIs using Model Context Protocol (MCP) servers.</li>
  <li style=""margin-bottom:4px; color:#374151;"">Configure live web search tools (Tavily MCP) and email action tools (Gmail).</li>
  <li style=""margin-bottom:4px; color:#374151;"">Understand how agents reason about tool selection and input parameter formatting.</li>
</ul>

<h2 style=""color:#111827; font-weight:700; font-size:18px; margin-top:20px; margin-bottom:8px; border-bottom:2px solid #e5e7eb; padding-bottom:4px;"">📚 Architecture Overview</h2>
<p style=""color:#374151; line-height:1.6; margin-top:6px; margin-bottom:10px;"">Tools enable agents to act in the real world—fetching live web data, executing database queries, or sending emails. MCP (Model Context Protocol) provides a standardized, secure interface for exposing tools to agents.</p>

<p style=""color:#374151; line-height:1.6; margin-top:6px; margin-bottom:10px;"">Supported Tool Integrations:</p>
<ul style=""margin-top:6px; margin-bottom:12px; padding-left:24px;"">
  <li style=""margin-bottom:4px; color:#374151;""><b>Tavily MCP Server:</b> Real-time web search and information retrieval.</li>
  <li style=""margin-bottom:4px; color:#374151;""><b>Gmail / Email Action Tools:</b> Send notifications, draft responses, and read incoming emails.</li>
  <li style=""margin-bottom:4px; color:#374151;""><b>Custom Local Functions:</b> Wrap any Python function as an agent tool.</li>
</ul>

<h2 style=""color:#111827; font-weight:700; font-size:18px; margin-top:20px; margin-bottom:8px; border-bottom:2px solid #e5e7eb; padding-bottom:4px;"">🛠️ Step-by-Step Setup</h2>
<p style=""color:#374151; line-height:1.6; margin-top:6px; margin-bottom:10px;"">1. <b>Configure MCP Server Credentials:</b> Add API keys to your environment configuration.</p>
<p style=""color:#374151; line-height:1.6; margin-top:6px; margin-bottom:10px;"">2. <b>Attach Tool to Agent:</b> Select <b>Add Tool</b> in Agent Studio or pass tool objects in Python SDK.</p>
<p style=""color:#374151; line-height:1.6; margin-top:6px; margin-bottom:10px;"">3. <b>Test in Playground:</b> Send queries requiring real-time web search or email drafting to verify tool execution.</p>

<h2 style=""color:#111827; font-weight:700; font-size:18px; margin-top:20px; margin-bottom:8px; border-bottom:2px solid #e5e7eb; padding-bottom:4px;"">💡 Key Takeaways</h2>
<ul style=""margin-top:6px; margin-bottom:12px; padding-left:24px;"">
  <li style=""margin-bottom:4px; color:#374151;"">MCP servers decouple tool logic from agent prompt definitions.</li>
  <li style=""margin-bottom:4px; color:#374151;"">Always validate tool parameters and output formats during testing.</li>
</ul>",https://share.descript.com/view/xYNw4wPwzjT,C01_CH05_L02_configuring_tavily_mcp_server.mp4,Now we will see how you can use tools and MCP servers along with agents. Tools and MCP servers are used for connecting agents to third-party applications so that agents can interact with third-party applications and take actions on them. Here is a use case that we will be working on in this particular example. So here I have taken a news agent which will gather data based on the latest news on any particular topic by performing web search. And once it has gathered the data collected it it will send out an email. Now in order to do that we need two tools. One a tool for performing web search and another a tool that can send emails which could be Gmail. So let do that. So for this from the left navigation menu under Connections go to Tools and I open it in a new tab Firstly let us see MCP servers. We will use an MCP server for performing web search. Let use Tavily MCP server. Tavily is one of the popular web search tools and it comes with a remote MCP server. So here you could see remote MCP server can be connected using this URL and requires an API key. So I will copy this this particular URL. Go to tools and as we don have Tavily available out of the box let click new MCP server name it Tavily Tool for web search. And let put in this URL and we need to add our API key. So for that click on Get an API key. You will need to log in for the first time and I already logged in so I copy this API key and paste it over here. Given that we have already put the API key in the URL I can use Auth type as No Auth and click on Add Server If Lysr is able to successfully connect to this MCP server you will see a green dot over here If you want to use any of the available MCP servers you can just click on them and click on Add and you will be redirected to instructions on how to get this connected. Now if you want to use tools Lysa has a rich set of tools already available and you can see so many different tools here like HubSpot Notion LinkedIn Google Sheets SharePoint Salesforce Confluence. We also have Jira Google Maps and many more. Now let say your... the tool that you looking for is not present in this list.
Lyzr Foundations,Chapter 05: Tools & MCP Servers,Integrating Gmail & Email Tools,"<h1 style=""color:#651a39; font-weight:700; font-size:24px; margin-top:0; margin-bottom:12px;"">Integrating Gmail & Email Tools</h1>

<h2 style=""color:#111827; font-weight:700; font-size:18px; margin-top:20px; margin-bottom:8px; border-bottom:2px solid #e5e7eb; padding-bottom:4px;"">🎯 Learning Objectives</h2>
<ul style=""margin-top:6px; margin-bottom:12px; padding-left:24px;"">
  <li style=""margin-bottom:4px; color:#374151;"">Connect Lyzr Agents to external tools and APIs using Model Context Protocol (MCP) servers.</li>
  <li style=""margin-bottom:4px; color:#374151;"">Configure live web search tools (Tavily MCP) and email action tools (Gmail).</li>
  <li style=""margin-bottom:4px; color:#374151;"">Understand how agents reason about tool selection and input parameter formatting.</li>
</ul>

<h2 style=""color:#111827; font-weight:700; font-size:18px; margin-top:20px; margin-bottom:8px; border-bottom:2px solid #e5e7eb; padding-bottom:4px;"">📚 Architecture Overview</h2>
<p style=""color:#374151; line-height:1.6; margin-top:6px; margin-bottom:10px;"">Tools enable agents to act in the real world—fetching live web data, executing database queries, or sending emails. MCP (Model Context Protocol) provides a standardized, secure interface for exposing tools to agents.</p>

<p style=""color:#374151; line-height:1.6; margin-top:6px; margin-bottom:10px;"">Supported Tool Integrations:</p>
<ul style=""margin-top:6px; margin-bottom:12px; padding-left:24px;"">
  <li style=""margin-bottom:4px; color:#374151;""><b>Tavily MCP Server:</b> Real-time web search and information retrieval.</li>
  <li style=""margin-bottom:4px; color:#374151;""><b>Gmail / Email Action Tools:</b> Send notifications, draft responses, and read incoming emails.</li>
  <li style=""margin-bottom:4px; color:#374151;""><b>Custom Local Functions:</b> Wrap any Python function as an agent tool.</li>
</ul>

<h2 style=""color:#111827; font-weight:700; font-size:18px; margin-top:20px; margin-bottom:8px; border-bottom:2px solid #e5e7eb; padding-bottom:4px;"">🛠️ Step-by-Step Setup</h2>
<p style=""color:#374151; line-height:1.6; margin-top:6px; margin-bottom:10px;"">1. <b>Configure MCP Server Credentials:</b> Add API keys to your environment configuration.</p>
<p style=""color:#374151; line-height:1.6; margin-top:6px; margin-bottom:10px;"">2. <b>Attach Tool to Agent:</b> Select <b>Add Tool</b> in Agent Studio or pass tool objects in Python SDK.</p>
<p style=""color:#374151; line-height:1.6; margin-top:6px; margin-bottom:10px;"">3. <b>Test in Playground:</b> Send queries requiring real-time web search or email drafting to verify tool execution.</p>

<h2 style=""color:#111827; font-weight:700; font-size:18px; margin-top:20px; margin-bottom:8px; border-bottom:2px solid #e5e7eb; padding-bottom:4px;"">💡 Key Takeaways</h2>
<ul style=""margin-top:6px; margin-bottom:12px; padding-left:24px;"">
  <li style=""margin-bottom:4px; color:#374151;"">MCP servers decouple tool logic from agent prompt definitions.</li>
  <li style=""margin-bottom:4px; color:#374151;"">Always validate tool parameters and output formats during testing.</li>
</ul>",https://share.descript.com/view/xYNw4wPwzjT,C01_CH05_L03_integrating_gmail_email_tools.mp4,Now we will see how you can use tools and MCP servers along with agents. Tools and MCP servers are used for connecting agents to third-party applications so that agents can interact with third-party applications and take actions on them. Here is a use case that we will be working on in this particular example. So here I have taken a news agent which will gather data based on the latest news on any particular topic by performing web search. And once it has gathered the data collected it it will send out an email. Now in order to do that we need two tools. One a tool for performing web search and another a tool that can send emails which could be Gmail. So let do that. So for this from the left navigation menu under Connections go to Tools and I open it in a new tab Firstly let us see MCP servers. We will use an MCP server for performing web search. Let use Tavily MCP server. Tavily is one of the popular web search tools and it comes with a remote MCP server. So here you could see remote MCP server can be connected using this URL and requires an API key. So I will copy this this particular URL. Go to tools and as we don have Tavily available out of the box let click new MCP server name it Tavily Tool for web search. And let put in this URL and we need to add our API key. So for that click on Get an API key. You will need to log in for the first time and I already logged in so I copy this API key and paste it over here. Given that we have already put the API key in the URL I can use Auth type as No Auth and click on Add Server If Lysr is able to successfully connect to this MCP server you will see a green dot over here If you want to use any of the available MCP servers you can just click on them and click on Add and you will be redirected to instructions on how to get this connected. Now if you want to use tools Lysa has a rich set of tools already available and you can see so many different tools here like HubSpot Notion LinkedIn Google Sheets SharePoint Salesforce Confluence. We also have Jira Google Maps and many more. Now let say your... the tool that you looking for is not present in this list.
Lyzr for Business Professionals,Chapter 01: Agent Studio Lifecycle,Welcome to Agent Studio & Lifecycle,"<h1 style=""color:#651a39; font-weight:700; font-size:24px; margin-top:0; margin-bottom:12px;"">Welcome to Agent Studio & Lifecycle</h1>

<h2 style=""color:#111827; font-weight:700; font-size:18px; margin-top:20px; margin-bottom:8px; border-bottom:2px solid #e5e7eb; padding-bottom:4px;"">🎯 Learning Objectives</h2>
<ul style=""margin-top:6px; margin-bottom:12px; padding-left:24px;"">
  <li style=""margin-bottom:4px; color:#374151;"">Master the visual build-and-deploy workflow in Lyzr Agent Studio.</li>
  <li style=""margin-bottom:4px; color:#374151;"">Configure agent parameters, guardrails, knowledge bases, and SuperFlow orchestrations without code.</li>
  <li style=""margin-bottom:4px; color:#374151;"">Test, simulate, and observe agent performance before publishing to production.</li>
</ul>

<h2 style=""color:#111827; font-weight:700; font-size:18px; margin-top:20px; margin-bottom:8px; border-bottom:2px solid #e5e7eb; padding-bottom:4px;"">📚 In Agent Studio</h2>
<p style=""color:#374151; line-height:1.6; margin-top:6px; margin-bottom:10px;"">Lyzr Agent Studio provides an intuitive, no-code cockpit for business professionals and product teams to design, govern, and monitor autonomous agents.</p>

<p style=""color:#374151; line-height:1.6; margin-top:6px; margin-bottom:10px;"">Key Features Covered:</p>
<ul style=""margin-top:6px; margin-bottom:12px; padding-left:24px;"">
  <li style=""margin-bottom:4px; color:#374151;""><b>Build Phase:</b> Select agent type, assign provider models, and write system prompts.</li>
  <li style=""margin-bottom:4px; color:#374151;""><b>Equip Phase:</b> Attach enterprise Knowledge Bases, web search tools, and memory options.</li>
  <li style=""margin-bottom:4px; color:#374151;""><b>SuperFlow Engine:</b> Build complex multi-agent workflows with branching, loops, and routing.</li>
  <li style=""margin-bottom:4px; color:#374151;""><b>Simulation & Evals:</b> Run batch test scenarios in the Simulation Engine to verify guardrail enforcement.</li>
</ul>

<h2 style=""color:#111827; font-weight:700; font-size:18px; margin-top:20px; margin-bottom:8px; border-bottom:2px solid #e5e7eb; padding-bottom:4px;"">🛠️ Click-by-Click Walkthrough</h2>
<p style=""color:#374151; line-height:1.6; margin-top:6px; margin-bottom:10px;"">1. <b>Create New Agent:</b> Click <b>+ New Agent</b> in Agent Studio and select your target template.</p>
<p style=""color:#374151; line-height:1.6; margin-top:6px; margin-bottom:10px;"">2. <b>Configure Model & Prompt:</b> Choose your preferred LLM provider (OpenAI, Anthropic, Gemini) and define role instructions.</p>
<p style=""color:#374151; line-height:1.6; margin-top:6px; margin-bottom:10px;"">3. <b>Attach Knowledge & Tools:</b> In the <b>Equip</b> tab, select your Knowledge Base and enable active tools.</p>
<p style=""color:#374151; line-height:1.6; margin-top:6px; margin-bottom:10px;"">4. <b>Test in Playground:</b> Use the interactive side drawer to test sample prompts and inspect live execution traces.</p>
<p style=""color:#374151; line-height:1.6; margin-top:6px; margin-bottom:10px;"">5. <b>Publish & Deploy:</b> Toggle status from Draft to <b>Published</b> to share your agent endpoint.</p>

<h2 style=""color:#111827; font-weight:700; font-size:18px; margin-top:20px; margin-bottom:8px; border-bottom:2px solid #e5e7eb; padding-bottom:4px;"">💡 Key Takeaways</h2>
<ul style=""margin-top:6px; margin-bottom:12px; padding-left:24px;"">
  <li style=""margin-bottom:4px; color:#374151;"">Agent Studio bridges business requirements with production-ready AI execution.</li>
  <li style=""margin-bottom:4px; color:#374151;"">SuperFlow allows non-technical users to build sophisticated agent swarms.</li>
</ul>",https://share.descript.com/view/QSwoPpR6hKL,C02_CH01_L01_welcome_to_agent_studio_lifecycle.mp4,Welcome to Lizra Agent Studio. If you ever tried to put an AI agent into production you know the hard part isn getting it to talk. It everything around that: governing it testing it deploying it and keeping an eye on it once it live. Studio is built around that entire life cycle. In this series we take one agent a customer support agent all the way from a blank page to live and monitored. Let me show you around first. This is the home screen. Right at the top you have two ways to start. You can describe what you want in plain English and let Lizra architect draft it for you or you can build it yourself from one of these agent types. An agent for a single focus job managerial to coordinate several agents superflow for multi-step workflows or voice for phone and IVR we build ours by hand so you see every piece. Everything in Studio is organized down the left here and it follows one simple loop. You build your agent you give it knowledge you govern it with guardrails under connections and safety and evaluations. You test it you deploy it and then you keep an eye on it under monitoring. Build govern test deploy monitor. Same five steps for every agent you ever make here. And this is the agent registry your home base. Every agent you create lives here ready to open edit or share. By the end of this series the support agent we build together will be sitting right here live That the map. In the next video we start building. We create our support agent from nothing but a role a goal and a few instructions. I Filippo with Lysr. Let get into it
Lyzr for Business Professionals,Chapter 01: Agent Studio Lifecycle,Build: Choose Type and Create Agent,"<h1 style=""color:#651a39; font-weight:700; font-size:24px; margin-top:0; margin-bottom:12px;"">Build: Choose Type and Create Agent</h1>

<h2 style=""color:#111827; font-weight:700; font-size:18px; margin-top:20px; margin-bottom:8px; border-bottom:2px solid #e5e7eb; padding-bottom:4px;"">🎯 Learning Objectives</h2>
<ul style=""margin-top:6px; margin-bottom:12px; padding-left:24px;"">
  <li style=""margin-bottom:4px; color:#374151;"">Master the visual build-and-deploy workflow in Lyzr Agent Studio.</li>
  <li style=""margin-bottom:4px; color:#374151;"">Configure agent parameters, guardrails, knowledge bases, and SuperFlow orchestrations without code.</li>
  <li style=""margin-bottom:4px; color:#374151;"">Test, simulate, and observe agent performance before publishing to production.</li>
</ul>

<h2 style=""color:#111827; font-weight:700; font-size:18px; margin-top:20px; margin-bottom:8px; border-bottom:2px solid #e5e7eb; padding-bottom:4px;"">📚 In Agent Studio</h2>
<p style=""color:#374151; line-height:1.6; margin-top:6px; margin-bottom:10px;"">Lyzr Agent Studio provides an intuitive, no-code cockpit for business professionals and product teams to design, govern, and monitor autonomous agents.</p>

<p style=""color:#374151; line-height:1.6; margin-top:6px; margin-bottom:10px;"">Key Features Covered:</p>
<ul style=""margin-top:6px; margin-bottom:12px; padding-left:24px;"">
  <li style=""margin-bottom:4px; color:#374151;""><b>Build Phase:</b> Select agent type, assign provider models, and write system prompts.</li>
  <li style=""margin-bottom:4px; color:#374151;""><b>Equip Phase:</b> Attach enterprise Knowledge Bases, web search tools, and memory options.</li>
  <li style=""margin-bottom:4px; color:#374151;""><b>SuperFlow Engine:</b> Build complex multi-agent workflows with branching, loops, and routing.</li>
  <li style=""margin-bottom:4px; color:#374151;""><b>Simulation & Evals:</b> Run batch test scenarios in the Simulation Engine to verify guardrail enforcement.</li>
</ul>

<h2 style=""color:#111827; font-weight:700; font-size:18px; margin-top:20px; margin-bottom:8px; border-bottom:2px solid #e5e7eb; padding-bottom:4px;"">🛠️ Click-by-Click Walkthrough</h2>
<p style=""color:#374151; line-height:1.6; margin-top:6px; margin-bottom:10px;"">1. <b>Create New Agent:</b> Click <b>+ New Agent</b> in Agent Studio and select your target template.</p>
<p style=""color:#374151; line-height:1.6; margin-top:6px; margin-bottom:10px;"">2. <b>Configure Model & Prompt:</b> Choose your preferred LLM provider (OpenAI, Anthropic, Gemini) and define role instructions.</p>
<p style=""color:#374151; line-height:1.6; margin-top:6px; margin-bottom:10px;"">3. <b>Attach Knowledge & Tools:</b> In the <b>Equip</b> tab, select your Knowledge Base and enable active tools.</p>
<p style=""color:#374151; line-height:1.6; margin-top:6px; margin-bottom:10px;"">4. <b>Test in Playground:</b> Use the interactive side drawer to test sample prompts and inspect live execution traces.</p>
<p style=""color:#374151; line-height:1.6; margin-top:6px; margin-bottom:10px;"">5. <b>Publish & Deploy:</b> Toggle status from Draft to <b>Published</b> to share your agent endpoint.</p>

<h2 style=""color:#111827; font-weight:700; font-size:18px; margin-top:20px; margin-bottom:8px; border-bottom:2px solid #e5e7eb; padding-bottom:4px;"">💡 Key Takeaways</h2>
<ul style=""margin-top:6px; margin-bottom:12px; padding-left:24px;"">
  <li style=""margin-bottom:4px; color:#374151;"">Agent Studio bridges business requirements with production-ready AI execution.</li>
  <li style=""margin-bottom:4px; color:#374151;"">SuperFlow allows non-technical users to build sophisticated agent swarms.</li>
</ul>",https://share.descript.com/view/r0i0W0qxzAh,C02_CH01_L02_build_choose_type_and_create_agent.mp4,In the last video we toured Studio. Now we build. We going to create our customer support agent from scratch and the whole thing comes down to three plain English fields no code at all I click Create Agent. Lyzr asks what kind I want. There is voice Superflow and a few others but ours is a single agent doing one focused job so I pick Agent Now I brief it the same way you onboard a new hire. First the role. This is its job title customer support agent Then the goal what success looks like. Answer customer questions about orders returns warranties and shipping using our help docs and escalate anything it can resolve And then the instructions the standing rules for how it behaves. I telling it to be friendly and concise to answer from our knowledge base to admit when it doesn know and offer to escalate and never to review a customer personal data. That last rule is a promise and in a couple of videos we actually enforce it with a guardrail I give it a name Northwind Support Agent then click Create. And there it is. Notice it didn just save it already live. We come back to what that means in the deploy video. That a working agent built from three fields and no code. But right now it only knows what the model already knows. Nothing about Northwind. In the next video we equip it with our knowledge a tool and memory. I Felipe with Lieser. See you there
Lyzr for Business Professionals,Chapter 01: Agent Studio Lifecycle,"Equip: Model, Tool, Memory, Knowledge","<h1 style=""color:#651a39; font-weight:700; font-size:24px; margin-top:0; margin-bottom:12px;"">Equip: Model, Tool, Memory, Knowledge</h1>

<h2 style=""color:#111827; font-weight:700; font-size:18px; margin-top:20px; margin-bottom:8px; border-bottom:2px solid #e5e7eb; padding-bottom:4px;"">🎯 Learning Objectives</h2>
<ul style=""margin-top:6px; margin-bottom:12px; padding-left:24px;"">
  <li style=""margin-bottom:4px; color:#374151;"">Master the visual build-and-deploy workflow in Lyzr Agent Studio.</li>
  <li style=""margin-bottom:4px; color:#374151;"">Configure agent parameters, guardrails, knowledge bases, and SuperFlow orchestrations without code.</li>
  <li style=""margin-bottom:4px; color:#374151;"">Test, simulate, and observe agent performance before publishing to production.</li>
</ul>

<h2 style=""color:#111827; font-weight:700; font-size:18px; margin-top:20px; margin-bottom:8px; border-bottom:2px solid #e5e7eb; padding-bottom:4px;"">📚 In Agent Studio</h2>
<p style=""color:#374151; line-height:1.6; margin-top:6px; margin-bottom:10px;"">Lyzr Agent Studio provides an intuitive, no-code cockpit for business professionals and product teams to design, govern, and monitor autonomous agents.</p>

<p style=""color:#374151; line-height:1.6; margin-top:6px; margin-bottom:10px;"">Key Features Covered:</p>
<ul style=""margin-top:6px; margin-bottom:12px; padding-left:24px;"">
  <li style=""margin-bottom:4px; color:#374151;""><b>Build Phase:</b> Select agent type, assign provider models, and write system prompts.</li>
  <li style=""margin-bottom:4px; color:#374151;""><b>Equip Phase:</b> Attach enterprise Knowledge Bases, web search tools, and memory options.</li>
  <li style=""margin-bottom:4px; color:#374151;""><b>SuperFlow Engine:</b> Build complex multi-agent workflows with branching, loops, and routing.</li>
  <li style=""margin-bottom:4px; color:#374151;""><b>Simulation & Evals:</b> Run batch test scenarios in the Simulation Engine to verify guardrail enforcement.</li>
</ul>

<h2 style=""color:#111827; font-weight:700; font-size:18px; margin-top:20px; margin-bottom:8px; border-bottom:2px solid #e5e7eb; padding-bottom:4px;"">🛠️ Click-by-Click Walkthrough</h2>
<p style=""color:#374151; line-height:1.6; margin-top:6px; margin-bottom:10px;"">1. <b>Create New Agent:</b> Click <b>+ New Agent</b> in Agent Studio and select your target template.</p>
<p style=""color:#374151; line-height:1.6; margin-top:6px; margin-bottom:10px;"">2. <b>Configure Model & Prompt:</b> Choose your preferred LLM provider (OpenAI, Anthropic, Gemini) and define role instructions.</p>
<p style=""color:#374151; line-height:1.6; margin-top:6px; margin-bottom:10px;"">3. <b>Attach Knowledge & Tools:</b> In the <b>Equip</b> tab, select your Knowledge Base and enable active tools.</p>
<p style=""color:#374151; line-height:1.6; margin-top:6px; margin-bottom:10px;"">4. <b>Test in Playground:</b> Use the interactive side drawer to test sample prompts and inspect live execution traces.</p>
<p style=""color:#374151; line-height:1.6; margin-top:6px; margin-bottom:10px;"">5. <b>Publish & Deploy:</b> Toggle status from Draft to <b>Published</b> to share your agent endpoint.</p>

<h2 style=""color:#111827; font-weight:700; font-size:18px; margin-top:20px; margin-bottom:8px; border-bottom:2px solid #e5e7eb; padding-bottom:4px;"">💡 Key Takeaways</h2>
<ul style=""margin-top:6px; margin-bottom:12px; padding-left:24px;"">
  <li style=""margin-bottom:4px; color:#374151;"">Agent Studio bridges business requirements with production-ready AI execution.</li>
  <li style=""margin-bottom:4px; color:#374151;"">SuperFlow allows non-technical users to build sophisticated agent swarms.</li>
</ul>",https://share.descript.com/view/GobPzBquAVF,C02_CH01_L03_equip_model_tool_memory_knowledge.mp4,In the last video we created our support agent. It can hold a conversation but right now it running on the model general knowledge. It doesn know a single thing about Northwind. So in this video we going to equip it. We give it a brain our own knowledge a tool and memory. First the model. This is the agent brain the engine that does the reasoning. Laser gives you a whole range to choose from across different providers. I keeping the default here OpenAI GPT 5.4 Mini. It fast and inexpensive which is exactly what you want for a high-volume support agent. And you not locked in. If you ever need more reasoning power you swap the model right here without rebuilding anything else. Now the most important step: knowledge. Here the problem we solving. If I ask a plain model about Northwind warranty it will give me a confident specific answer. It will be completely made up. That is the fastest way to lose a customer trust. The fix is to ground the agent in our own documents. I click Add Knowledge Base create one called Northwind Help Docs and upload our actual support documentation: returns warranty and shipping policies. Laser ingests that and now it attached to the agent. Let prove it works. I ask what is the warranty policy for laptops at Northwind? And look at the answer. Northwind laptops include a one-year limited manufacturer warranty covering defects in materials workmanship and it does not cover accidental damage liquid damage et cetera. It even offers to share the extended warranty policy. Every bit of that came straight from our docs not from the model imagination. That is the difference grounding makes. Next a tool. Knowledge is what the agent knows. Tools are what it can do. I attaching a web search tool. Our docs cover the vast majority of questions but every so often a customer asks something that falls outside them. With search attached the agent can look beyond the docs when it genuinely needs to instead of guessing. It sits in the background and the agent decides when to reach for it. And finally memory which is already on by default. This is what lets the agent remember the conversation so a customer never has to repeat themselves. It the difference between a real conversation and starting a blank state every single message. So now we have a real agent a brain or knowledge a tool for the edge cases and memory. It genuinely useful. But useful and safe to ship are not the same thing. In the next video we add guardrails. I Felipe with Lieser. See you there
Lyzr for Business Professionals,Chapter 01: Agent Studio Lifecycle,What Agent Type Should I Build?,"<h1 style=""color:#651a39; font-weight:700; font-size:24px; margin-top:0; margin-bottom:12px;"">What Agent Type Should I Build?</h1>

<h2 style=""color:#111827; font-weight:700; font-size:18px; margin-top:20px; margin-bottom:8px; border-bottom:2px solid #e5e7eb; padding-bottom:4px;"">🎯 Learning Objectives</h2>
<ul style=""margin-top:6px; margin-bottom:12px; padding-left:24px;"">
  <li style=""margin-bottom:4px; color:#374151;"">Master the visual build-and-deploy workflow in Lyzr Agent Studio.</li>
  <li style=""margin-bottom:4px; color:#374151;"">Configure agent parameters, guardrails, knowledge bases, and SuperFlow orchestrations without code.</li>
  <li style=""margin-bottom:4px; color:#374151;"">Test, simulate, and observe agent performance before publishing to production.</li>
</ul>

<h2 style=""color:#111827; font-weight:700; font-size:18px; margin-top:20px; margin-bottom:8px; border-bottom:2px solid #e5e7eb; padding-bottom:4px;"">📚 In Agent Studio</h2>
<p style=""color:#374151; line-height:1.6; margin-top:6px; margin-bottom:10px;"">Lyzr Agent Studio provides an intuitive, no-code cockpit for business professionals and product teams to design, govern, and monitor autonomous agents.</p>

<p style=""color:#374151; line-height:1.6; margin-top:6px; margin-bottom:10px;"">Key Features Covered:</p>
<ul style=""margin-top:6px; margin-bottom:12px; padding-left:24px;"">
  <li style=""margin-bottom:4px; color:#374151;""><b>Build Phase:</b> Select agent type, assign provider models, and write system prompts.</li>
  <li style=""margin-bottom:4px; color:#374151;""><b>Equip Phase:</b> Attach enterprise Knowledge Bases, web search tools, and memory options.</li>
  <li style=""margin-bottom:4px; color:#374151;""><b>SuperFlow Engine:</b> Build complex multi-agent workflows with branching, loops, and routing.</li>
  <li style=""margin-bottom:4px; color:#374151;""><b>Simulation & Evals:</b> Run batch test scenarios in the Simulation Engine to verify guardrail enforcement.</li>
</ul>

<h2 style=""color:#111827; font-weight:700; font-size:18px; margin-top:20px; margin-bottom:8px; border-bottom:2px solid #e5e7eb; padding-bottom:4px;"">🛠️ Click-by-Click Walkthrough</h2>
<p style=""color:#374151; line-height:1.6; margin-top:6px; margin-bottom:10px;"">1. <b>Create New Agent:</b> Click <b>+ New Agent</b> in Agent Studio and select your target template.</p>
<p style=""color:#374151; line-height:1.6; margin-top:6px; margin-bottom:10px;"">2. <b>Configure Model & Prompt:</b> Choose your preferred LLM provider (OpenAI, Anthropic, Gemini) and define role instructions.</p>
<p style=""color:#374151; line-height:1.6; margin-top:6px; margin-bottom:10px;"">3. <b>Attach Knowledge & Tools:</b> In the <b>Equip</b> tab, select your Knowledge Base and enable active tools.</p>
<p style=""color:#374151; line-height:1.6; margin-top:6px; margin-bottom:10px;"">4. <b>Test in Playground:</b> Use the interactive side drawer to test sample prompts and inspect live execution traces.</p>
<p style=""color:#374151; line-height:1.6; margin-top:6px; margin-bottom:10px;"">5. <b>Publish & Deploy:</b> Toggle status from Draft to <b>Published</b> to share your agent endpoint.</p>

<h2 style=""color:#111827; font-weight:700; font-size:18px; margin-top:20px; margin-bottom:8px; border-bottom:2px solid #e5e7eb; padding-bottom:4px;"">💡 Key Takeaways</h2>
<ul style=""margin-top:6px; margin-bottom:12px; padding-left:24px;"">
  <li style=""margin-bottom:4px; color:#374151;"">Agent Studio bridges business requirements with production-ready AI execution.</li>
  <li style=""margin-bottom:4px; color:#374151;"">SuperFlow allows non-technical users to build sophisticated agent swarms.</li>
</ul>",https://share.descript.com/view/FOzm28nV9YM,C02_CH01_L04_what_agent_type_should_i_build.mp4,Lysr gives you a few different agent types and picking the right one is the most important decision you make. So let walk through them and more importantly when to use each. We already covered single agents in the last course. A single agent is the right call when one agent can handle the whole task on its own and that always where you start. The real question is when to move beyond a single agent and which way to go. And there is one guiding principle behind all of this. Choose the simplest architecture that can reliably solve your problem. You only reach for more when a single agent stops being reliable. The first step up is the manager agent. You reach for it when the problem is complex enough that one agent can reliably handle it and when the work is conversational and non-deterministic. That means ambiguity reasoning planning decision-making delegating tasks on the fly. Think of an AI consultant a research assistant or a customer support system that has to think through a few possibilities before it answers. Behind the scenes several specialized agents collaborate but to the user it one smooth conversation. The other direction is Superflow and it almost the opposite. Superflow is for deterministic automation. Instead of letting agents decide what happens next you define the workflow explicitly. It ideal for one-shot business processes where the sequence is known in advance: employee onboarding payment processing patient intake or resume screening document processing and approval workflows. Anywhere you want the system to behave the same way every time with no surprises. Superflow gives you that predictability through structured orchestration. Then there voice. Voice agents aren really a different brain they a different way in. The intelligence underneath can still be a single agent a manager or Superflow. Voice just lets people talk to it instead of type. You use it when speaking is the natural interaction: customer support healthcare intake appointment scheduling field operation sales and contract centers. So here how to choose. A single agent when one agent can solve the problem on its own a manager agent when it needs reasoning collaboration planning or handling ambiguity a Superflow when the process is deterministic and follows a defined sequence of steps and voice when the main way people interact is by speaking. Start simple and move up only when you have to. Step up to a manager when you need intelligence and collaboration and reach for Superflow when predictability and process control matter more than dynamic reasoning. Over the next few videos we build each of these for real
Lyzr for Business Professionals,Chapter 02: Orchestration & Swarms,Lyzr Manager Orchestration,"<h1 style=""color:#651a39; font-weight:700; font-size:24px; margin-top:0; margin-bottom:12px;"">Lyzr Manager Orchestration</h1>

<h2 style=""color:#111827; font-weight:700; font-size:18px; margin-top:20px; margin-bottom:8px; border-bottom:2px solid #e5e7eb; padding-bottom:4px;"">🎯 Learning Objectives</h2>
<ul style=""margin-top:6px; margin-bottom:12px; padding-left:24px;"">
  <li style=""margin-bottom:4px; color:#374151;"">Master the visual build-and-deploy workflow in Lyzr Agent Studio.</li>
  <li style=""margin-bottom:4px; color:#374151;"">Configure agent parameters, guardrails, knowledge bases, and SuperFlow orchestrations without code.</li>
  <li style=""margin-bottom:4px; color:#374151;"">Test, simulate, and observe agent performance before publishing to production.</li>
</ul>

<h2 style=""color:#111827; font-weight:700; font-size:18px; margin-top:20px; margin-bottom:8px; border-bottom:2px solid #e5e7eb; padding-bottom:4px;"">📚 In Agent Studio</h2>
<p style=""color:#374151; line-height:1.6; margin-top:6px; margin-bottom:10px;"">Lyzr Agent Studio provides an intuitive, no-code cockpit for business professionals and product teams to design, govern, and monitor autonomous agents.</p>

<p style=""color:#374151; line-height:1.6; margin-top:6px; margin-bottom:10px;"">Key Features Covered:</p>
<ul style=""margin-top:6px; margin-bottom:12px; padding-left:24px;"">
  <li style=""margin-bottom:4px; color:#374151;""><b>Build Phase:</b> Select agent type, assign provider models, and write system prompts.</li>
  <li style=""margin-bottom:4px; color:#374151;""><b>Equip Phase:</b> Attach enterprise Knowledge Bases, web search tools, and memory options.</li>
  <li style=""margin-bottom:4px; color:#374151;""><b>SuperFlow Engine:</b> Build complex multi-agent workflows with branching, loops, and routing.</li>
  <li style=""margin-bottom:4px; color:#374151;""><b>Simulation & Evals:</b> Run batch test scenarios in the Simulation Engine to verify guardrail enforcement.</li>
</ul>

<h2 style=""color:#111827; font-weight:700; font-size:18px; margin-top:20px; margin-bottom:8px; border-bottom:2px solid #e5e7eb; padding-bottom:4px;"">🛠️ Click-by-Click Walkthrough</h2>
<p style=""color:#374151; line-height:1.6; margin-top:6px; margin-bottom:10px;"">1. <b>Create New Agent:</b> Click <b>+ New Agent</b> in Agent Studio and select your target template.</p>
<p style=""color:#374151; line-height:1.6; margin-top:6px; margin-bottom:10px;"">2. <b>Configure Model & Prompt:</b> Choose your preferred LLM provider (OpenAI, Anthropic, Gemini) and define role instructions.</p>
<p style=""color:#374151; line-height:1.6; margin-top:6px; margin-bottom:10px;"">3. <b>Attach Knowledge & Tools:</b> In the <b>Equip</b> tab, select your Knowledge Base and enable active tools.</p>
<p style=""color:#374151; line-height:1.6; margin-top:6px; margin-bottom:10px;"">4. <b>Test in Playground:</b> Use the interactive side drawer to test sample prompts and inspect live execution traces.</p>
<p style=""color:#374151; line-height:1.6; margin-top:6px; margin-bottom:10px;"">5. <b>Publish & Deploy:</b> Toggle status from Draft to <b>Published</b> to share your agent endpoint.</p>

<h2 style=""color:#111827; font-weight:700; font-size:18px; margin-top:20px; margin-bottom:8px; border-bottom:2px solid #e5e7eb; padding-bottom:4px;"">💡 Key Takeaways</h2>
<ul style=""margin-top:6px; margin-bottom:12px; padding-left:24px;"">
  <li style=""margin-bottom:4px; color:#374151;"">Agent Studio bridges business requirements with production-ready AI execution.</li>
  <li style=""margin-bottom:4px; color:#374151;"">SuperFlow allows non-technical users to build sophisticated agent swarms.</li>
</ul>",https://share.descript.com/view/JxjoIomKT1C,C02_CH02_L01_lyzr_manager_orchestration.mp4,A single agent is great right up until the question has two jobs buried in it. My order isn here and I want to return something. That really two requests. Instead of building one giant agent that tries to do everything you build a team and put a manager in charge. Let me show you. From the home screen I open Orchestrate and go into the manager. This canvas is where you compose a team of agents. I search our agents and here the team we use: a support agent that knows our policies an order lookup agent and a returns agent. I drop the support agent on first then add the other two. Each one is good at exactly one thing. Now the key move: I connect the support agent to the other two. That connection is what turns it into a manager. Watch the badge. Support is now the manager and order lookup and returns are its sub-agents. And notice I never specified an order to call them in. The manager decides that itself. Let me open the manager and chat with it with something that needs both. My order five eight three two still isn here and I want to return one of the items. Over on the activity panel you can watch what it actually did. It checks its own knowledge then it calls the order lookup agent and the returns agent. You can see each one prepared and responding. Then it brings everything back into one answer. And here the reply: Order five eight three two has shipped and is expected Tuesday via UPS. And it offers to escalate it if it hasn arrived by then. Then for the return it lays out the full policy. Unopened a full refund within thirty days opened but not defective fifteen days et cetera. And it asks for the item and its condition so we can take the next step. one coherent answer. That Manager a team of specialists someone in charge to route between them and the customer just has one conversation. Reach for it when the work is open-ended and you can script the steps in advance. Next I show you a second way to work with One editing your Manager and growing its team right from the agent page. I Felipe Walizer. I see you there
Lyzr for Business Professionals,Chapter 02: Orchestration & Swarms,SuperFlow Basic & Dynamic Flows,"<h1 style=""color:#651a39; font-weight:700; font-size:24px; margin-top:0; margin-bottom:12px;"">SuperFlow Basic & Dynamic Flows</h1>

<h2 style=""color:#111827; font-weight:700; font-size:18px; margin-top:20px; margin-bottom:8px; border-bottom:2px solid #e5e7eb; padding-bottom:4px;"">🎯 Learning Objectives</h2>
<ul style=""margin-top:6px; margin-bottom:12px; padding-left:24px;"">
  <li style=""margin-bottom:4px; color:#374151;"">Master the visual build-and-deploy workflow in Lyzr Agent Studio.</li>
  <li style=""margin-bottom:4px; color:#374151;"">Configure agent parameters, guardrails, knowledge bases, and SuperFlow orchestrations without code.</li>
  <li style=""margin-bottom:4px; color:#374151;"">Test, simulate, and observe agent performance before publishing to production.</li>
</ul>

<h2 style=""color:#111827; font-weight:700; font-size:18px; margin-top:20px; margin-bottom:8px; border-bottom:2px solid #e5e7eb; padding-bottom:4px;"">📚 In Agent Studio</h2>
<p style=""color:#374151; line-height:1.6; margin-top:6px; margin-bottom:10px;"">Lyzr Agent Studio provides an intuitive, no-code cockpit for business professionals and product teams to design, govern, and monitor autonomous agents.</p>

<p style=""color:#374151; line-height:1.6; margin-top:6px; margin-bottom:10px;"">Key Features Covered:</p>
<ul style=""margin-top:6px; margin-bottom:12px; padding-left:24px;"">
  <li style=""margin-bottom:4px; color:#374151;""><b>Build Phase:</b> Select agent type, assign provider models, and write system prompts.</li>
  <li style=""margin-bottom:4px; color:#374151;""><b>Equip Phase:</b> Attach enterprise Knowledge Bases, web search tools, and memory options.</li>
  <li style=""margin-bottom:4px; color:#374151;""><b>SuperFlow Engine:</b> Build complex multi-agent workflows with branching, loops, and routing.</li>
  <li style=""margin-bottom:4px; color:#374151;""><b>Simulation & Evals:</b> Run batch test scenarios in the Simulation Engine to verify guardrail enforcement.</li>
</ul>

<h2 style=""color:#111827; font-weight:700; font-size:18px; margin-top:20px; margin-bottom:8px; border-bottom:2px solid #e5e7eb; padding-bottom:4px;"">🛠️ Click-by-Click Walkthrough</h2>
<p style=""color:#374151; line-height:1.6; margin-top:6px; margin-bottom:10px;"">1. <b>Create New Agent:</b> Click <b>+ New Agent</b> in Agent Studio and select your target template.</p>
<p style=""color:#374151; line-height:1.6; margin-top:6px; margin-bottom:10px;"">2. <b>Configure Model & Prompt:</b> Choose your preferred LLM provider (OpenAI, Anthropic, Gemini) and define role instructions.</p>
<p style=""color:#374151; line-height:1.6; margin-top:6px; margin-bottom:10px;"">3. <b>Attach Knowledge & Tools:</b> In the <b>Equip</b> tab, select your Knowledge Base and enable active tools.</p>
<p style=""color:#374151; line-height:1.6; margin-top:6px; margin-bottom:10px;"">4. <b>Test in Playground:</b> Use the interactive side drawer to test sample prompts and inspect live execution traces.</p>
<p style=""color:#374151; line-height:1.6; margin-top:6px; margin-bottom:10px;"">5. <b>Publish & Deploy:</b> Toggle status from Draft to <b>Published</b> to share your agent endpoint.</p>

<h2 style=""color:#111827; font-weight:700; font-size:18px; margin-top:20px; margin-bottom:8px; border-bottom:2px solid #e5e7eb; padding-bottom:4px;"">💡 Key Takeaways</h2>
<ul style=""margin-top:6px; margin-bottom:12px; padding-left:24px;"">
  <li style=""margin-bottom:4px; color:#374151;"">Agent Studio bridges business requirements with production-ready AI execution.</li>
  <li style=""margin-bottom:4px; color:#374151;"">SuperFlow allows non-technical users to build sophisticated agent swarms.</li>
</ul>",https://share.descript.com/view/e9Ny8ysXwMc,C02_CH02_L02_superflow_basic_dynamic_flows.mp4,Real agentic work is almost never one agent answering one prompt. It several steps. A branch where the path depends on what came back. A point where a human has to sign off. Today you usually pick a side. You hand it to a manager agent. You get intelligence but you lose control over what happens when. Or you wire it as a static workflow. You get control but you hit a ceiling fast. Superflow is Lysr new visual builder for systems of agents. Deterministic where you need guarantees agentic where you need judgment. Let me show you a workflow I built to make this concrete. This workflow is called invoice reconciliation. The story is simple. An invoice comes in we parse it we pull out the invoice ID and the total amount. We check the ID against our system of record. If it matches the file goes straight to S3. If it doesn the workflow pauses. An agent writes a summary for the human approver. The approver either uploads a corrected invoice and the corrected version goes to S3 or rejects and the run stops with an error. Let me walk the nodes. Every Superflow starts with a trigger. This one accepts file uploads which is what makes sense for an invoice flow. The same trigger has a webhook URL with a secret if I want another system to fire it programmatically and a cron schedule if I want to run it every weekday at nine. One node three ways to start. Parse document is one of Lysr document AI nodes. It takes whatever the trigger received and extracts the text: PDFs Word docs images same node. Extract fields runs an extraction model against that parsed text using a schema I defined. I asking for two things: an invoice ID and a total amount. The model returns them as structured fields I can reference downstream. Match SOR is an if node. This is where deterministic logic lives. I checking whether the extracted invoice ID equals an ID from my system of record. Match route one way. No match route the other. What interesting about this node is that the same if has an AI mode. If my condition were fuzzy like does this invoice look unusual I write it in plain language and let an LLM evaluate it. Some cells you want guaranteed some you want judged and it the same node. One honest note: in production the SOR check would be an HTTP request to my database before this if. Here I hard-coded one ID to keep the demo focused on the flow. If the IDs don match
Lyzr for Business Professionals,Chapter 02: Orchestration & Swarms,SuperFlow Advanced Routing & Loops,"<h1 style=""color:#651a39; font-weight:700; font-size:24px; margin-top:0; margin-bottom:12px;"">SuperFlow Advanced Routing & Loops</h1>

<h2 style=""color:#111827; font-weight:700; font-size:18px; margin-top:20px; margin-bottom:8px; border-bottom:2px solid #e5e7eb; padding-bottom:4px;"">🎯 Learning Objectives</h2>
<ul style=""margin-top:6px; margin-bottom:12px; padding-left:24px;"">
  <li style=""margin-bottom:4px; color:#374151;"">Master the visual build-and-deploy workflow in Lyzr Agent Studio.</li>
  <li style=""margin-bottom:4px; color:#374151;"">Configure agent parameters, guardrails, knowledge bases, and SuperFlow orchestrations without code.</li>
  <li style=""margin-bottom:4px; color:#374151;"">Test, simulate, and observe agent performance before publishing to production.</li>
</ul>

<h2 style=""color:#111827; font-weight:700; font-size:18px; margin-top:20px; margin-bottom:8px; border-bottom:2px solid #e5e7eb; padding-bottom:4px;"">📚 In Agent Studio</h2>
<p style=""color:#374151; line-height:1.6; margin-top:6px; margin-bottom:10px;"">Lyzr Agent Studio provides an intuitive, no-code cockpit for business professionals and product teams to design, govern, and monitor autonomous agents.</p>

<p style=""color:#374151; line-height:1.6; margin-top:6px; margin-bottom:10px;"">Key Features Covered:</p>
<ul style=""margin-top:6px; margin-bottom:12px; padding-left:24px;"">
  <li style=""margin-bottom:4px; color:#374151;""><b>Build Phase:</b> Select agent type, assign provider models, and write system prompts.</li>
  <li style=""margin-bottom:4px; color:#374151;""><b>Equip Phase:</b> Attach enterprise Knowledge Bases, web search tools, and memory options.</li>
  <li style=""margin-bottom:4px; color:#374151;""><b>SuperFlow Engine:</b> Build complex multi-agent workflows with branching, loops, and routing.</li>
  <li style=""margin-bottom:4px; color:#374151;""><b>Simulation & Evals:</b> Run batch test scenarios in the Simulation Engine to verify guardrail enforcement.</li>
</ul>

<h2 style=""color:#111827; font-weight:700; font-size:18px; margin-top:20px; margin-bottom:8px; border-bottom:2px solid #e5e7eb; padding-bottom:4px;"">🛠️ Click-by-Click Walkthrough</h2>
<p style=""color:#374151; line-height:1.6; margin-top:6px; margin-bottom:10px;"">1. <b>Create New Agent:</b> Click <b>+ New Agent</b> in Agent Studio and select your target template.</p>
<p style=""color:#374151; line-height:1.6; margin-top:6px; margin-bottom:10px;"">2. <b>Configure Model & Prompt:</b> Choose your preferred LLM provider (OpenAI, Anthropic, Gemini) and define role instructions.</p>
<p style=""color:#374151; line-height:1.6; margin-top:6px; margin-bottom:10px;"">3. <b>Attach Knowledge & Tools:</b> In the <b>Equip</b> tab, select your Knowledge Base and enable active tools.</p>
<p style=""color:#374151; line-height:1.6; margin-top:6px; margin-bottom:10px;"">4. <b>Test in Playground:</b> Use the interactive side drawer to test sample prompts and inspect live execution traces.</p>
<p style=""color:#374151; line-height:1.6; margin-top:6px; margin-bottom:10px;"">5. <b>Publish & Deploy:</b> Toggle status from Draft to <b>Published</b> to share your agent endpoint.</p>

<h2 style=""color:#111827; font-weight:700; font-size:18px; margin-top:20px; margin-bottom:8px; border-bottom:2px solid #e5e7eb; padding-bottom:4px;"">💡 Key Takeaways</h2>
<ul style=""margin-top:6px; margin-bottom:12px; padding-left:24px;"">
  <li style=""margin-bottom:4px; color:#374151;"">Agent Studio bridges business requirements with production-ready AI execution.</li>
  <li style=""margin-bottom:4px; color:#374151;"">SuperFlow allows non-technical users to build sophisticated agent swarms.</li>
</ul>",https://share.descript.com/view/cyOXlcLJI5R,C02_CH02_L03_superflow_advanced_routing_loops.mp4,In the last video we built a Superflow that ran once start to finish. But a lot of real work isn one item. It a whole batch: a stack of reviews a folder of resumes or a list of orders. And you don want to rebuild the same steps for each one. You want a loop. That the one piece of Superflow we didn cover last time. So let me show you. I start a new Superflow call it Northwind Review Sentiment and instead of building from scratch I start from a template the Batch Sentiment Analyzer. It loads a ready-made loop I can build on. Here the shape: a trigger to kick it off a code step that splits whatever text comes in into a list one item per line. Then the important one the loop. Then an LLM step that classifies and an output. The loop has two outputs worth pointing at. One is loop which runs the steps inside it once for every item on the list. The other is done which only fires once the loop has finished and it carries the full set of results out the other side. Let me run it. I paste in five customer reviews one per line and hit Run. Watch each step light up. The loop takes the five reviews and sends them through the classify step one at a time And here the result. Five reviews in five classifications out. Arrived early. Works perfectly. Positive. Support never answered my refund email. Negative. Decent monitor but the stand feels cheap. Neutral. Fast shipping. Very happy. Positive. Charger stopped working after a week. Negative. Each one with a confidence score. One flow the whole batch handled and a done branch hands back the complete set in a single bundle. That loop. The same steps run over every item in a batch on their own. Swap those reviews for resumes support tickets or rows in a spreadsheet and it works exactly the same way. And that wraps the Design and Create course. You got single agents managers and superflows plus the judgment to pick between them. I Felipe Walizer.
Lyzr for Business Professionals,Chapter 03: Knowledge Base Engineering,RAG in Studio,"<h1 style=""color:#651a39; font-weight:700; font-size:24px; margin-top:0; margin-bottom:12px;"">RAG in Studio</h1>

<h2 style=""color:#111827; font-weight:700; font-size:18px; margin-top:20px; margin-bottom:8px; border-bottom:2px solid #e5e7eb; padding-bottom:4px;"">🎯 Learning Objectives</h2>
<ul style=""margin-top:6px; margin-bottom:12px; padding-left:24px;"">
  <li style=""margin-bottom:4px; color:#374151;"">Master the visual build-and-deploy workflow in Lyzr Agent Studio.</li>
  <li style=""margin-bottom:4px; color:#374151;"">Configure agent parameters, guardrails, knowledge bases, and SuperFlow orchestrations without code.</li>
  <li style=""margin-bottom:4px; color:#374151;"">Test, simulate, and observe agent performance before publishing to production.</li>
</ul>

<h2 style=""color:#111827; font-weight:700; font-size:18px; margin-top:20px; margin-bottom:8px; border-bottom:2px solid #e5e7eb; padding-bottom:4px;"">📚 In Agent Studio</h2>
<p style=""color:#374151; line-height:1.6; margin-top:6px; margin-bottom:10px;"">Lyzr Agent Studio provides an intuitive, no-code cockpit for business professionals and product teams to design, govern, and monitor autonomous agents.</p>

<p style=""color:#374151; line-height:1.6; margin-top:6px; margin-bottom:10px;"">Key Features Covered:</p>
<ul style=""margin-top:6px; margin-bottom:12px; padding-left:24px;"">
  <li style=""margin-bottom:4px; color:#374151;""><b>Build Phase:</b> Select agent type, assign provider models, and write system prompts.</li>
  <li style=""margin-bottom:4px; color:#374151;""><b>Equip Phase:</b> Attach enterprise Knowledge Bases, web search tools, and memory options.</li>
  <li style=""margin-bottom:4px; color:#374151;""><b>SuperFlow Engine:</b> Build complex multi-agent workflows with branching, loops, and routing.</li>
  <li style=""margin-bottom:4px; color:#374151;""><b>Simulation & Evals:</b> Run batch test scenarios in the Simulation Engine to verify guardrail enforcement.</li>
</ul>

<h2 style=""color:#111827; font-weight:700; font-size:18px; margin-top:20px; margin-bottom:8px; border-bottom:2px solid #e5e7eb; padding-bottom:4px;"">🛠️ Click-by-Click Walkthrough</h2>
<p style=""color:#374151; line-height:1.6; margin-top:6px; margin-bottom:10px;"">1. <b>Create New Agent:</b> Click <b>+ New Agent</b> in Agent Studio and select your target template.</p>
<p style=""color:#374151; line-height:1.6; margin-top:6px; margin-bottom:10px;"">2. <b>Configure Model & Prompt:</b> Choose your preferred LLM provider (OpenAI, Anthropic, Gemini) and define role instructions.</p>
<p style=""color:#374151; line-height:1.6; margin-top:6px; margin-bottom:10px;"">3. <b>Attach Knowledge & Tools:</b> In the <b>Equip</b> tab, select your Knowledge Base and enable active tools.</p>
<p style=""color:#374151; line-height:1.6; margin-top:6px; margin-bottom:10px;"">4. <b>Test in Playground:</b> Use the interactive side drawer to test sample prompts and inspect live execution traces.</p>
<p style=""color:#374151; line-height:1.6; margin-top:6px; margin-bottom:10px;"">5. <b>Publish & Deploy:</b> Toggle status from Draft to <b>Published</b> to share your agent endpoint.</p>

<h2 style=""color:#111827; font-weight:700; font-size:18px; margin-top:20px; margin-bottom:8px; border-bottom:2px solid #e5e7eb; padding-bottom:4px;"">💡 Key Takeaways</h2>
<ul style=""margin-top:6px; margin-bottom:12px; padding-left:24px;"">
  <li style=""margin-bottom:4px; color:#374151;"">Agent Studio bridges business requirements with production-ready AI execution.</li>
  <li style=""margin-bottom:4px; color:#374151;"">SuperFlow allows non-technical users to build sophisticated agent swarms.</li>
</ul>",https://share.descript.com/view/iLyDbKWJXxv,C02_CH03_L01_rag_in_studio.mp4,Welcome to the knowledge track. In the last track we gave our agent a brain and a memory. But a brain only knows what it was trained on. It doesn know your prices your policies or your product. Ask a plain model about your business and it will answer with total confidence and be completely wrong. This whole track is about fixing that grounding your agent in your own knowledge. So let see how it actually works Here our Northwind support agent with our support docs attached as a knowledge base. Watch what happens when I ask it something specific to our business. What the warranty policy for laptops at Northwind? And there the answer. Northwind laptops include a one-year limited manufacturer warranty covering defects in materials and workmanship and it does not cover accidental damage liquid damage or normal wear. It even offers to pull the terms for monitors or accessories. Every bit of that came straight from our documents not from the model imagination. That RAG retrieval-augmented generation. Before the agent answers it retrieves the most relevant pieces of your knowledge and writes its answer from those And I don want you to just take my word for it so let me prove it. I open the traces for that message go into the trace timeline and click the RAG retrieval step. Right here you can see exactly what the agent searched for and the content it pulled back from the knowledge base to build that answer That the difference between an agent that genuinely knows your business and one that just sounds like it does. And when you attach more than one knowledge base it pulls from whichever ones are relevant to the question So that RAGin Studio. Attach your knowledge the agent grounds its answers in it and you get a full trace to verify every single answer. Right now we leaning on a knowledge base we built earlier. In the next video we build one from scratch. I Felipe Willizer. See you there
Lyzr for Business Professionals,Chapter 03: Knowledge Base Engineering,Build a Knowledge Base,"<h1 style=""color:#651a39; font-weight:700; font-size:24px; margin-top:0; margin-bottom:12px;"">Build a Knowledge Base</h1>

<h2 style=""color:#111827; font-weight:700; font-size:18px; margin-top:20px; margin-bottom:8px; border-bottom:2px solid #e5e7eb; padding-bottom:4px;"">🎯 Learning Objectives</h2>
<ul style=""margin-top:6px; margin-bottom:12px; padding-left:24px;"">
  <li style=""margin-bottom:4px; color:#374151;"">Master the visual build-and-deploy workflow in Lyzr Agent Studio.</li>
  <li style=""margin-bottom:4px; color:#374151;"">Configure agent parameters, guardrails, knowledge bases, and SuperFlow orchestrations without code.</li>
  <li style=""margin-bottom:4px; color:#374151;"">Test, simulate, and observe agent performance before publishing to production.</li>
</ul>

<h2 style=""color:#111827; font-weight:700; font-size:18px; margin-top:20px; margin-bottom:8px; border-bottom:2px solid #e5e7eb; padding-bottom:4px;"">📚 In Agent Studio</h2>
<p style=""color:#374151; line-height:1.6; margin-top:6px; margin-bottom:10px;"">Lyzr Agent Studio provides an intuitive, no-code cockpit for business professionals and product teams to design, govern, and monitor autonomous agents.</p>

<p style=""color:#374151; line-height:1.6; margin-top:6px; margin-bottom:10px;"">Key Features Covered:</p>
<ul style=""margin-top:6px; margin-bottom:12px; padding-left:24px;"">
  <li style=""margin-bottom:4px; color:#374151;""><b>Build Phase:</b> Select agent type, assign provider models, and write system prompts.</li>
  <li style=""margin-bottom:4px; color:#374151;""><b>Equip Phase:</b> Attach enterprise Knowledge Bases, web search tools, and memory options.</li>
  <li style=""margin-bottom:4px; color:#374151;""><b>SuperFlow Engine:</b> Build complex multi-agent workflows with branching, loops, and routing.</li>
  <li style=""margin-bottom:4px; color:#374151;""><b>Simulation & Evals:</b> Run batch test scenarios in the Simulation Engine to verify guardrail enforcement.</li>
</ul>

<h2 style=""color:#111827; font-weight:700; font-size:18px; margin-top:20px; margin-bottom:8px; border-bottom:2px solid #e5e7eb; padding-bottom:4px;"">🛠️ Click-by-Click Walkthrough</h2>
<p style=""color:#374151; line-height:1.6; margin-top:6px; margin-bottom:10px;"">1. <b>Create New Agent:</b> Click <b>+ New Agent</b> in Agent Studio and select your target template.</p>
<p style=""color:#374151; line-height:1.6; margin-top:6px; margin-bottom:10px;"">2. <b>Configure Model & Prompt:</b> Choose your preferred LLM provider (OpenAI, Anthropic, Gemini) and define role instructions.</p>
<p style=""color:#374151; line-height:1.6; margin-top:6px; margin-bottom:10px;"">3. <b>Attach Knowledge & Tools:</b> In the <b>Equip</b> tab, select your Knowledge Base and enable active tools.</p>
<p style=""color:#374151; line-height:1.6; margin-top:6px; margin-bottom:10px;"">4. <b>Test in Playground:</b> Use the interactive side drawer to test sample prompts and inspect live execution traces.</p>
<p style=""color:#374151; line-height:1.6; margin-top:6px; margin-bottom:10px;"">5. <b>Publish & Deploy:</b> Toggle status from Draft to <b>Published</b> to share your agent endpoint.</p>

<h2 style=""color:#111827; font-weight:700; font-size:18px; margin-top:20px; margin-bottom:8px; border-bottom:2px solid #e5e7eb; padding-bottom:4px;"">💡 Key Takeaways</h2>
<ul style=""margin-top:6px; margin-bottom:12px; padding-left:24px;"">
  <li style=""margin-bottom:4px; color:#374151;"">Agent Studio bridges business requirements with production-ready AI execution.</li>
  <li style=""margin-bottom:4px; color:#374151;"">SuperFlow allows non-technical users to build sophisticated agent swarms.</li>
</ul>",https://share.descript.com/view/u8SqXwIKzjT,C02_CH03_L02_build_a_knowledge_base.mp4,Last video RAG leaned on a knowledge base we had already built. Now let build one from scratch from an empty slate to an agent that can answer from it. It takes about five minutes and the choices you make here decide how good your answers turn out. I head to knowledge knowledge base and new. I give it a name. Then two technical choices the vector store which is where the searchable version of your documents live The Lysr hosted Qdrant is already selected and it just works. And the embedding model which turns your text into something the agent can actually search. The default fine. Let go ahead and create it. Now the real knowledge. Add source add file. I bring in two documents our support policies as a text file and a product warranty guide as a PDF. Lysr reads them breaks them into chunks and indexes them. Two different file types same simple flow A lot of your knowledge already lives on a website so I also point Lyzr at our doc site. Add source website paste the URL. There are advanced options if you want to control how it crawls and then crawl website. Now that content comes in too. Before I trust this with a customer I test it. Right here I type a query return policy analyzer shows me exactly what it pulls back and how well each piece scores. The top match around seventy-nine percent comes from our support docs and the next results comes from the PDF and the next results come from the product PDF. This is the fastest way to know your knowledge base actually works before you wire it to anything. If you want to tune retrieval that under configure. The retrieval strategy how many chunks come back and a score threshold to filter out weak matches. The defaults are good so I leave them and save. Last step and it the whole point attach it. I open our Northwind agent go to knowledge and add the knowledge base we just built. Let prove it landed. In Playground I ask what is the warranty policy? And look at this laptops and monitors a one-year limited warranty et cetera. And for the Northview twenty-seven monitor specifically it even calls out dead pixels and backlit defects. That detail came straight from the product PDF we uploaded two minutes ago. The agent is now grounded in documents that didn exist when we started this video. So that Knowledge Base end-to-end. Create it fill it from files and the web test the retrieval and attach it. In the next video we go one level deeper into how documents get parsed and ingested and why that quietly decides how good your answers are. I Felipe Widlizer. I see you there
Lyzr for Business Professionals,Chapter 03: Knowledge Base Engineering,Document Parsing & Ingestion,"<h1 style=""color:#651a39; font-weight:700; font-size:24px; margin-top:0; margin-bottom:12px;"">Document Parsing & Ingestion</h1>

<h2 style=""color:#111827; font-weight:700; font-size:18px; margin-top:20px; margin-bottom:8px; border-bottom:2px solid #e5e7eb; padding-bottom:4px;"">🎯 Learning Objectives</h2>
<ul style=""margin-top:6px; margin-bottom:12px; padding-left:24px;"">
  <li style=""margin-bottom:4px; color:#374151;"">Master the visual build-and-deploy workflow in Lyzr Agent Studio.</li>
  <li style=""margin-bottom:4px; color:#374151;"">Configure agent parameters, guardrails, knowledge bases, and SuperFlow orchestrations without code.</li>
  <li style=""margin-bottom:4px; color:#374151;"">Test, simulate, and observe agent performance before publishing to production.</li>
</ul>

<h2 style=""color:#111827; font-weight:700; font-size:18px; margin-top:20px; margin-bottom:8px; border-bottom:2px solid #e5e7eb; padding-bottom:4px;"">📚 In Agent Studio</h2>
<p style=""color:#374151; line-height:1.6; margin-top:6px; margin-bottom:10px;"">Lyzr Agent Studio provides an intuitive, no-code cockpit for business professionals and product teams to design, govern, and monitor autonomous agents.</p>

<p style=""color:#374151; line-height:1.6; margin-top:6px; margin-bottom:10px;"">Key Features Covered:</p>
<ul style=""margin-top:6px; margin-bottom:12px; padding-left:24px;"">
  <li style=""margin-bottom:4px; color:#374151;""><b>Build Phase:</b> Select agent type, assign provider models, and write system prompts.</li>
  <li style=""margin-bottom:4px; color:#374151;""><b>Equip Phase:</b> Attach enterprise Knowledge Bases, web search tools, and memory options.</li>
  <li style=""margin-bottom:4px; color:#374151;""><b>SuperFlow Engine:</b> Build complex multi-agent workflows with branching, loops, and routing.</li>
  <li style=""margin-bottom:4px; color:#374151;""><b>Simulation & Evals:</b> Run batch test scenarios in the Simulation Engine to verify guardrail enforcement.</li>
</ul>

<h2 style=""color:#111827; font-weight:700; font-size:18px; margin-top:20px; margin-bottom:8px; border-bottom:2px solid #e5e7eb; padding-bottom:4px;"">🛠️ Click-by-Click Walkthrough</h2>
<p style=""color:#374151; line-height:1.6; margin-top:6px; margin-bottom:10px;"">1. <b>Create New Agent:</b> Click <b>+ New Agent</b> in Agent Studio and select your target template.</p>
<p style=""color:#374151; line-height:1.6; margin-top:6px; margin-bottom:10px;"">2. <b>Configure Model & Prompt:</b> Choose your preferred LLM provider (OpenAI, Anthropic, Gemini) and define role instructions.</p>
<p style=""color:#374151; line-height:1.6; margin-top:6px; margin-bottom:10px;"">3. <b>Attach Knowledge & Tools:</b> In the <b>Equip</b> tab, select your Knowledge Base and enable active tools.</p>
<p style=""color:#374151; line-height:1.6; margin-top:6px; margin-bottom:10px;"">4. <b>Test in Playground:</b> Use the interactive side drawer to test sample prompts and inspect live execution traces.</p>
<p style=""color:#374151; line-height:1.6; margin-top:6px; margin-bottom:10px;"">5. <b>Publish & Deploy:</b> Toggle status from Draft to <b>Published</b> to share your agent endpoint.</p>

<h2 style=""color:#111827; font-weight:700; font-size:18px; margin-top:20px; margin-bottom:8px; border-bottom:2px solid #e5e7eb; padding-bottom:4px;"">💡 Key Takeaways</h2>
<ul style=""margin-top:6px; margin-bottom:12px; padding-left:24px;"">
  <li style=""margin-bottom:4px; color:#374151;"">Agent Studio bridges business requirements with production-ready AI execution.</li>
  <li style=""margin-bottom:4px; color:#374151;"">SuperFlow allows non-technical users to build sophisticated agent swarms.</li>
</ul>",https://share.descript.com/view/CGqBLgAbGUG,C02_CH03_L03_document_parsing_ingestion.mp4,When you drop a document into a knowledge base a lot happens before your agent can use it and the quality of that process quietly decides how good your answers are. So let look at what ingestion actually does the one knob that matters most and how to keep your knowledge from going stale. Here the knowledge base we built. When I added these documents Lysr didn just store them. It read each one pulled the text out of it split it into chunks and turned every chunk into an embedding a numerical fingerprint it can search against. That ingestion. And here the thing to internalize: garbage in garbage out. A clean document ingests beautifully. A messy scanned PDF is harder to parse and if the text comes out garbled no clever prompting will save your answers. So the quality of your source documents matters more than almost anything else. Now the one knob worth knowing. Let me run a query first so you can see the raw retrieval. I search warranty and I get three matches: the top one from our product guide at about eighty-three percent then our support docs at seventy-nine and another chunk at seventy-one. Three results with different confidence scores. Sometimes you don want every loosely related chunk. You only want the strong matches. That the score threshold. Under Configure I set it to zero point eight which means only matches above eighty percent confidence come back. Then I hit Save Same query again and now I get exactly one result the product guide at 83%. The 79 and 71% matches got filtered out because they didn clear the bar I set. That the trade. Lower the threshold when you want the agent to see more context. Raise it when you only want high confidence answers. This one setting does a lot of the work in tuning answer quality One last piece and it what keeps your agent from going stale. Every knowledge base has an API so you don have to babysit it. You can update it from your own systems automatically. My favorite example is a support team. Every time a ticket gets resolved you push that resolution into the knowledge base through this API. The next customer with the same problem gets the answer instantly because your agent just learned it here the config and here the inference endpoint you call. Your knowledge base stays current without anyone uploading a thing. So that ingestion and retrieval. Get clean documents in use the score threshold to dial in precision and use the API to keep it fresh. Next we look at connecting external data sources. I am Felipe Wollizer. I see you there
Lyzr for Business Professionals,Chapter 03: Knowledge Base Engineering,Data Connectors as Live Sources,"<h1 style=""color:#651a39; font-weight:700; font-size:24px; margin-top:0; margin-bottom:12px;"">Data Connectors as Live Sources</h1>

<h2 style=""color:#111827; font-weight:700; font-size:18px; margin-top:20px; margin-bottom:8px; border-bottom:2px solid #e5e7eb; padding-bottom:4px;"">🎯 Learning Objectives</h2>
<ul style=""margin-top:6px; margin-bottom:12px; padding-left:24px;"">
  <li style=""margin-bottom:4px; color:#374151;"">Master the visual build-and-deploy workflow in Lyzr Agent Studio.</li>
  <li style=""margin-bottom:4px; color:#374151;"">Configure agent parameters, guardrails, knowledge bases, and SuperFlow orchestrations without code.</li>
  <li style=""margin-bottom:4px; color:#374151;"">Test, simulate, and observe agent performance before publishing to production.</li>
</ul>

<h2 style=""color:#111827; font-weight:700; font-size:18px; margin-top:20px; margin-bottom:8px; border-bottom:2px solid #e5e7eb; padding-bottom:4px;"">📚 In Agent Studio</h2>
<p style=""color:#374151; line-height:1.6; margin-top:6px; margin-bottom:10px;"">Lyzr Agent Studio provides an intuitive, no-code cockpit for business professionals and product teams to design, govern, and monitor autonomous agents.</p>

<p style=""color:#374151; line-height:1.6; margin-top:6px; margin-bottom:10px;"">Key Features Covered:</p>
<ul style=""margin-top:6px; margin-bottom:12px; padding-left:24px;"">
  <li style=""margin-bottom:4px; color:#374151;""><b>Build Phase:</b> Select agent type, assign provider models, and write system prompts.</li>
  <li style=""margin-bottom:4px; color:#374151;""><b>Equip Phase:</b> Attach enterprise Knowledge Bases, web search tools, and memory options.</li>
  <li style=""margin-bottom:4px; color:#374151;""><b>SuperFlow Engine:</b> Build complex multi-agent workflows with branching, loops, and routing.</li>
  <li style=""margin-bottom:4px; color:#374151;""><b>Simulation & Evals:</b> Run batch test scenarios in the Simulation Engine to verify guardrail enforcement.</li>
</ul>

<h2 style=""color:#111827; font-weight:700; font-size:18px; margin-top:20px; margin-bottom:8px; border-bottom:2px solid #e5e7eb; padding-bottom:4px;"">🛠️ Click-by-Click Walkthrough</h2>
<p style=""color:#374151; line-height:1.6; margin-top:6px; margin-bottom:10px;"">1. <b>Create New Agent:</b> Click <b>+ New Agent</b> in Agent Studio and select your target template.</p>
<p style=""color:#374151; line-height:1.6; margin-top:6px; margin-bottom:10px;"">2. <b>Configure Model & Prompt:</b> Choose your preferred LLM provider (OpenAI, Anthropic, Gemini) and define role instructions.</p>
<p style=""color:#374151; line-height:1.6; margin-top:6px; margin-bottom:10px;"">3. <b>Attach Knowledge & Tools:</b> In the <b>Equip</b> tab, select your Knowledge Base and enable active tools.</p>
<p style=""color:#374151; line-height:1.6; margin-top:6px; margin-bottom:10px;"">4. <b>Test in Playground:</b> Use the interactive side drawer to test sample prompts and inspect live execution traces.</p>
<p style=""color:#374151; line-height:1.6; margin-top:6px; margin-bottom:10px;"">5. <b>Publish & Deploy:</b> Toggle status from Draft to <b>Published</b> to share your agent endpoint.</p>

<h2 style=""color:#111827; font-weight:700; font-size:18px; margin-top:20px; margin-bottom:8px; border-bottom:2px solid #e5e7eb; padding-bottom:4px;"">💡 Key Takeaways</h2>
<ul style=""margin-top:6px; margin-bottom:12px; padding-left:24px;"">
  <li style=""margin-bottom:4px; color:#374151;"">Agent Studio bridges business requirements with production-ready AI execution.</li>
  <li style=""margin-bottom:4px; color:#374151;"">SuperFlow allows non-technical users to build sophisticated agent swarms.</li>
</ul>",https://share.descript.com/view/pUlHqpAkEuL,C02_CH03_L04_data_connectors_as_live_sources.mp4,Everything we put into a knowledge base so far we uploaded by hand. That fine for documents that don change. But two things take this further: connecting your own data systems and keeping knowledge live. Let look at both. First data connectors. So far we let Laser handle where your data lives but a lot of teams already run their own infrastructure and they want their data to stay in it. That what this page is for. You can connect your own vector store Qdrant Weaviate PostgreSQL or even Neo4j or connect a database directly PostgreSQL MySQL et cetera the point is control. Your data stays in your systems on your terms and Laser reads from it. Connecting is just a credential form. Your host your keys and you linked. I won put real credentials on screen but that the whole flow. Now the second idea and it a good one. Live sources. A normal upload is a snapshot frozen the moment you add it. A live source stays connected so when the underlying content changes your knowledge base updates itself in the background and your agent is always answering from the current version. You got a few options here a website Google Drive and SharePoint. That the difference between a knowledge base you maintain by hand and one that maintains itself So data connectors let you bring your own stores and databases and live sources keep your knowledge current without manual re-uploads. Use a plain upload for fixed documents a live source for content that changes and a connector when the data should stay in your own systems.
Lyzr for Business Professionals,Chapter 04: Memory & Knowledge Graphs,Agent Memory in Depth,"<h1 style=""color:#651a39; font-weight:700; font-size:24px; margin-top:0; margin-bottom:12px;"">Agent Memory in Depth</h1>

<h2 style=""color:#111827; font-weight:700; font-size:18px; margin-top:20px; margin-bottom:8px; border-bottom:2px solid #e5e7eb; padding-bottom:4px;"">🎯 Learning Objectives</h2>
<ul style=""margin-top:6px; margin-bottom:12px; padding-left:24px;"">
  <li style=""margin-bottom:4px; color:#374151;"">Master the visual build-and-deploy workflow in Lyzr Agent Studio.</li>
  <li style=""margin-bottom:4px; color:#374151;"">Configure agent parameters, guardrails, knowledge bases, and SuperFlow orchestrations without code.</li>
  <li style=""margin-bottom:4px; color:#374151;"">Test, simulate, and observe agent performance before publishing to production.</li>
</ul>

<h2 style=""color:#111827; font-weight:700; font-size:18px; margin-top:20px; margin-bottom:8px; border-bottom:2px solid #e5e7eb; padding-bottom:4px;"">📚 In Agent Studio</h2>
<p style=""color:#374151; line-height:1.6; margin-top:6px; margin-bottom:10px;"">Lyzr Agent Studio provides an intuitive, no-code cockpit for business professionals and product teams to design, govern, and monitor autonomous agents.</p>

<p style=""color:#374151; line-height:1.6; margin-top:6px; margin-bottom:10px;"">Key Features Covered:</p>
<ul style=""margin-top:6px; margin-bottom:12px; padding-left:24px;"">
  <li style=""margin-bottom:4px; color:#374151;""><b>Build Phase:</b> Select agent type, assign provider models, and write system prompts.</li>
  <li style=""margin-bottom:4px; color:#374151;""><b>Equip Phase:</b> Attach enterprise Knowledge Bases, web search tools, and memory options.</li>
  <li style=""margin-bottom:4px; color:#374151;""><b>SuperFlow Engine:</b> Build complex multi-agent workflows with branching, loops, and routing.</li>
  <li style=""margin-bottom:4px; color:#374151;""><b>Simulation & Evals:</b> Run batch test scenarios in the Simulation Engine to verify guardrail enforcement.</li>
</ul>

<h2 style=""color:#111827; font-weight:700; font-size:18px; margin-top:20px; margin-bottom:8px; border-bottom:2px solid #e5e7eb; padding-bottom:4px;"">🛠️ Click-by-Click Walkthrough</h2>
<p style=""color:#374151; line-height:1.6; margin-top:6px; margin-bottom:10px;"">1. <b>Create New Agent:</b> Click <b>+ New Agent</b> in Agent Studio and select your target template.</p>
<p style=""color:#374151; line-height:1.6; margin-top:6px; margin-bottom:10px;"">2. <b>Configure Model & Prompt:</b> Choose your preferred LLM provider (OpenAI, Anthropic, Gemini) and define role instructions.</p>
<p style=""color:#374151; line-height:1.6; margin-top:6px; margin-bottom:10px;"">3. <b>Attach Knowledge & Tools:</b> In the <b>Equip</b> tab, select your Knowledge Base and enable active tools.</p>
<p style=""color:#374151; line-height:1.6; margin-top:6px; margin-bottom:10px;"">4. <b>Test in Playground:</b> Use the interactive side drawer to test sample prompts and inspect live execution traces.</p>
<p style=""color:#374151; line-height:1.6; margin-top:6px; margin-bottom:10px;"">5. <b>Publish & Deploy:</b> Toggle status from Draft to <b>Published</b> to share your agent endpoint.</p>

<h2 style=""color:#111827; font-weight:700; font-size:18px; margin-top:20px; margin-bottom:8px; border-bottom:2px solid #e5e7eb; padding-bottom:4px;"">💡 Key Takeaways</h2>
<ul style=""margin-top:6px; margin-bottom:12px; padding-left:24px;"">
  <li style=""margin-bottom:4px; color:#374151;"">Agent Studio bridges business requirements with production-ready AI execution.</li>
  <li style=""margin-bottom:4px; color:#374151;"">SuperFlow allows non-technical users to build sophisticated agent swarms.</li>
</ul>",https://share.descript.com/view/zMdeiKC7LUO,C02_CH04_L01_agent_memory_in_depth.mp4,Your agent has a brain. Now let give it a memory. Without one every conversation starts from a blank slate and your customer has to reintroduce themselves every time. With it the agent remembers. The interesting part isn switching it on. It deciding what counts as the same conversation and what counts as the same person. Memory is a feature you turn on. Under Features I open the full list switch on Memory and that opens its settings. First choice is the provider. Lyzr gives you a few but the default is Cognis and for almost everyone that the answer. It production-grade memory and you really don need to touch it. I leave it on Cognis. Now the setting that actually matters and the one people get wrong: cross-session. To understand it you need two ideas. A session is one conversation. A user is one person who might have many conversations over time. By default memory lives inside a single session so a brand-new chat starts clean. Turn cross-session on and memory follows the person across all their conversations. I turning it on and in a second you see exactly what that changes There also an extraction instructions tab where you can steer what the agent bothers to remember. The default is fine so I leave it. I save that and update the agent Now let test it. In the playground I tell it something personal my name and that I prefer email updates It acknowledges and quietly stores that for later. Here the proof. I start a completely new chat. Normally that a clean slate a different session no memory of the last one. But watch. I ask who I am and how I like to be contacted and it answers Your name is Felipe and you prefer to receive updates by email. Brand-new session and it still knows me. That cross-session memory. It remembered the person not just the conversation. And here what that looks like when you wire it into your own product which is where this gets slightly technical. On the Deploy tab you got the agent API. When you call it you pass the agent ID and a session ID. The same session ID continues a conversation. A new one starts fresh. That how you control what a conversation means out in the real world. And because we turned on cross-session the agent ties memory to the person behind those sessions so a returning customer is recognized instead of starting over. You manage the sessions Lyzr handles the memory Turn it on keep cog-- Turn it on keep cognisis as the provider and the real decision is scope. A normal
Lyzr for Business Professionals,Chapter 04: Memory & Knowledge Graphs,Beyond Vectors: Structured Knowledge,"<h1 style=""color:#651a39; font-weight:700; font-size:24px; margin-top:0; margin-bottom:12px;"">Beyond Vectors: Structured Knowledge</h1>

<h2 style=""color:#111827; font-weight:700; font-size:18px; margin-top:20px; margin-bottom:8px; border-bottom:2px solid #e5e7eb; padding-bottom:4px;"">🎯 Learning Objectives</h2>
<ul style=""margin-top:6px; margin-bottom:12px; padding-left:24px;"">
  <li style=""margin-bottom:4px; color:#374151;"">Master the visual build-and-deploy workflow in Lyzr Agent Studio.</li>
  <li style=""margin-bottom:4px; color:#374151;"">Configure agent parameters, guardrails, knowledge bases, and SuperFlow orchestrations without code.</li>
  <li style=""margin-bottom:4px; color:#374151;"">Test, simulate, and observe agent performance before publishing to production.</li>
</ul>

<h2 style=""color:#111827; font-weight:700; font-size:18px; margin-top:20px; margin-bottom:8px; border-bottom:2px solid #e5e7eb; padding-bottom:4px;"">📚 In Agent Studio</h2>
<p style=""color:#374151; line-height:1.6; margin-top:6px; margin-bottom:10px;"">Lyzr Agent Studio provides an intuitive, no-code cockpit for business professionals and product teams to design, govern, and monitor autonomous agents.</p>

<p style=""color:#374151; line-height:1.6; margin-top:6px; margin-bottom:10px;"">Key Features Covered:</p>
<ul style=""margin-top:6px; margin-bottom:12px; padding-left:24px;"">
  <li style=""margin-bottom:4px; color:#374151;""><b>Build Phase:</b> Select agent type, assign provider models, and write system prompts.</li>
  <li style=""margin-bottom:4px; color:#374151;""><b>Equip Phase:</b> Attach enterprise Knowledge Bases, web search tools, and memory options.</li>
  <li style=""margin-bottom:4px; color:#374151;""><b>SuperFlow Engine:</b> Build complex multi-agent workflows with branching, loops, and routing.</li>
  <li style=""margin-bottom:4px; color:#374151;""><b>Simulation & Evals:</b> Run batch test scenarios in the Simulation Engine to verify guardrail enforcement.</li>
</ul>

<h2 style=""color:#111827; font-weight:700; font-size:18px; margin-top:20px; margin-bottom:8px; border-bottom:2px solid #e5e7eb; padding-bottom:4px;"">🛠️ Click-by-Click Walkthrough</h2>
<p style=""color:#374151; line-height:1.6; margin-top:6px; margin-bottom:10px;"">1. <b>Create New Agent:</b> Click <b>+ New Agent</b> in Agent Studio and select your target template.</p>
<p style=""color:#374151; line-height:1.6; margin-top:6px; margin-bottom:10px;"">2. <b>Configure Model & Prompt:</b> Choose your preferred LLM provider (OpenAI, Anthropic, Gemini) and define role instructions.</p>
<p style=""color:#374151; line-height:1.6; margin-top:6px; margin-bottom:10px;"">3. <b>Attach Knowledge & Tools:</b> In the <b>Equip</b> tab, select your Knowledge Base and enable active tools.</p>
<p style=""color:#374151; line-height:1.6; margin-top:6px; margin-bottom:10px;"">4. <b>Test in Playground:</b> Use the interactive side drawer to test sample prompts and inspect live execution traces.</p>
<p style=""color:#374151; line-height:1.6; margin-top:6px; margin-bottom:10px;"">5. <b>Publish & Deploy:</b> Toggle status from Draft to <b>Published</b> to share your agent endpoint.</p>

<h2 style=""color:#111827; font-weight:700; font-size:18px; margin-top:20px; margin-bottom:8px; border-bottom:2px solid #e5e7eb; padding-bottom:4px;"">💡 Key Takeaways</h2>
<ul style=""margin-top:6px; margin-bottom:12px; padding-left:24px;"">
  <li style=""margin-bottom:4px; color:#374151;"">Agent Studio bridges business requirements with production-ready AI execution.</li>
  <li style=""margin-bottom:4px; color:#374151;"">SuperFlow allows non-technical users to build sophisticated agent swarms.</li>
</ul>",https://share.descript.com/view/bUGvjWAPxeK,C02_CH04_L02_beyond_vectors_structured_knowledge.mp4,Let put it all together. Over the last few videos we picked a model turned on memory and built a knowledge base. We not starting over today. We taking those exact pieces and assembling them into the thing they were always for: a support agent that answers from our docs and remembers the customer even when they come back in a brand-new conversation the build is fast we already made every piece. I create a single agent and give it a role as Northwind support assistant. I keep the default model because this is a live conversation and speed matters. I attach the knowledge base we built last time so it answers from real docs. And I turn on memory on Cognis and I switch on cross-section so it remembers a customer across separate conversations not just within one. I not building anything new. I assembling what we already have Let use it. First I introduce myself like a customer would. I Felipe and I bought a Northview twenty-seven. And it says Got it Felipe. I remember that you bought a Northview twenty-seven. It not looking anything up yet. It just remembering. Now here the real test. I start a completely new chat new session clean slate the kind of thing that normally makes an agent forget everything you told it And I ask in this fresh conversation Does my monitor warranty cover dead pixels? Notice I never said which monitor in this chat And it answers yes. The Northview 27 has a three-year warranty that covers dead pixels and backlit defects. Two things just happened at once. It remembered across a brand new session that my monitor is a Northview 27 and it pulled the actual warranty terms from our documents And here the proof right in the trace. When I open the timeline I can see the agent did two things to answer that one question. There is a document embedding step where it went to our knowledge base for the warranty terms and there is a search memory step where it recalled who I am. Let me open that memory step. You can see exactly what it pulled back from the last conversation including I Felipe and I bought a Northview twenty-seven. So the warranty details came from the documents and knowing which monitor I meant came from memory carried across a brand-new session both in a single answer. So step back and look at what we built. The model is the reasoning engine. Memory with cross session on holds the customer context across visits so nobody repeats themselves. Agentic RAG pulls from the knowledge base to ground the answer. Four capabilities one agent each chosen deliberately. That what it means to architect an agent not just spin one up. And that the core of this track. You can now take a pile of documents and turn it into an agent that answers accurately and remembers the people it helping even across separate conversations. That a genuinely useful product and you built it. I Felipe with Lieser. I see you next time
Lyzr for Business Professionals,Chapter 04: Memory & Knowledge Graphs,Build a Knowledge Graph,"<h1 style=""color:#651a39; font-weight:700; font-size:24px; margin-top:0; margin-bottom:12px;"">Build a Knowledge Graph</h1>

<h2 style=""color:#111827; font-weight:700; font-size:18px; margin-top:20px; margin-bottom:8px; border-bottom:2px solid #e5e7eb; padding-bottom:4px;"">🎯 Learning Objectives</h2>
<ul style=""margin-top:6px; margin-bottom:12px; padding-left:24px;"">
  <li style=""margin-bottom:4px; color:#374151;"">Master the visual build-and-deploy workflow in Lyzr Agent Studio.</li>
  <li style=""margin-bottom:4px; color:#374151;"">Configure agent parameters, guardrails, knowledge bases, and SuperFlow orchestrations without code.</li>
  <li style=""margin-bottom:4px; color:#374151;"">Test, simulate, and observe agent performance before publishing to production.</li>
</ul>

<h2 style=""color:#111827; font-weight:700; font-size:18px; margin-top:20px; margin-bottom:8px; border-bottom:2px solid #e5e7eb; padding-bottom:4px;"">📚 In Agent Studio</h2>
<p style=""color:#374151; line-height:1.6; margin-top:6px; margin-bottom:10px;"">Lyzr Agent Studio provides an intuitive, no-code cockpit for business professionals and product teams to design, govern, and monitor autonomous agents.</p>

<p style=""color:#374151; line-height:1.6; margin-top:6px; margin-bottom:10px;"">Key Features Covered:</p>
<ul style=""margin-top:6px; margin-bottom:12px; padding-left:24px;"">
  <li style=""margin-bottom:4px; color:#374151;""><b>Build Phase:</b> Select agent type, assign provider models, and write system prompts.</li>
  <li style=""margin-bottom:4px; color:#374151;""><b>Equip Phase:</b> Attach enterprise Knowledge Bases, web search tools, and memory options.</li>
  <li style=""margin-bottom:4px; color:#374151;""><b>SuperFlow Engine:</b> Build complex multi-agent workflows with branching, loops, and routing.</li>
  <li style=""margin-bottom:4px; color:#374151;""><b>Simulation & Evals:</b> Run batch test scenarios in the Simulation Engine to verify guardrail enforcement.</li>
</ul>

<h2 style=""color:#111827; font-weight:700; font-size:18px; margin-top:20px; margin-bottom:8px; border-bottom:2px solid #e5e7eb; padding-bottom:4px;"">🛠️ Click-by-Click Walkthrough</h2>
<p style=""color:#374151; line-height:1.6; margin-top:6px; margin-bottom:10px;"">1. <b>Create New Agent:</b> Click <b>+ New Agent</b> in Agent Studio and select your target template.</p>
<p style=""color:#374151; line-height:1.6; margin-top:6px; margin-bottom:10px;"">2. <b>Configure Model & Prompt:</b> Choose your preferred LLM provider (OpenAI, Anthropic, Gemini) and define role instructions.</p>
<p style=""color:#374151; line-height:1.6; margin-top:6px; margin-bottom:10px;"">3. <b>Attach Knowledge & Tools:</b> In the <b>Equip</b> tab, select your Knowledge Base and enable active tools.</p>
<p style=""color:#374151; line-height:1.6; margin-top:6px; margin-bottom:10px;"">4. <b>Test in Playground:</b> Use the interactive side drawer to test sample prompts and inspect live execution traces.</p>
<p style=""color:#374151; line-height:1.6; margin-top:6px; margin-bottom:10px;"">5. <b>Publish & Deploy:</b> Toggle status from Draft to <b>Published</b> to share your agent endpoint.</p>

<h2 style=""color:#111827; font-weight:700; font-size:18px; margin-top:20px; margin-bottom:8px; border-bottom:2px solid #e5e7eb; padding-bottom:4px;"">💡 Key Takeaways</h2>
<ul style=""margin-top:6px; margin-bottom:12px; padding-left:24px;"">
  <li style=""margin-bottom:4px; color:#374151;"">Agent Studio bridges business requirements with production-ready AI execution.</li>
  <li style=""margin-bottom:4px; color:#374151;"">SuperFlow allows non-technical users to build sophisticated agent swarms.</li>
</ul>",https://share.descript.com/view/bUGvjWAPxeK,C02_CH04_L03_build_a_knowledge_graph.mp4,Let put it all together. Over the last few videos we picked a model turned on memory and built a knowledge base. We not starting over today. We taking those exact pieces and assembling them into the thing they were always for: a support agent that answers from our docs and remembers the customer even when they come back in a brand-new conversation the build is fast we already made every piece. I create a single agent and give it a role as Northwind support assistant. I keep the default model because this is a live conversation and speed matters. I attach the knowledge base we built last time so it answers from real docs. And I turn on memory on Cognis and I switch on cross-section so it remembers a customer across separate conversations not just within one. I not building anything new. I assembling what we already have Let use it. First I introduce myself like a customer would. I Felipe and I bought a Northview twenty-seven. And it says Got it Felipe. I remember that you bought a Northview twenty-seven. It not looking anything up yet. It just remembering. Now here the real test. I start a completely new chat new session clean slate the kind of thing that normally makes an agent forget everything you told it And I ask in this fresh conversation Does my monitor warranty cover dead pixels? Notice I never said which monitor in this chat And it answers yes. The Northview 27 has a three-year warranty that covers dead pixels and backlit defects. Two things just happened at once. It remembered across a brand new session that my monitor is a Northview 27 and it pulled the actual warranty terms from our documents And here the proof right in the trace. When I open the timeline I can see the agent did two things to answer that one question. There is a document embedding step where it went to our knowledge base for the warranty terms and there is a search memory step where it recalled who I am. Let me open that memory step. You can see exactly what it pulled back from the last conversation including I Felipe and I bought a Northview twenty-seven. So the warranty details came from the documents and knowing which monitor I meant came from memory carried across a brand-new session both in a single answer. So step back and look at what we built. The model is the reasoning engine. Memory with cross session on holds the customer context across visits so nobody repeats themselves. Agentic RAG pulls from the knowledge base to ground the answer. Four capabilities one agent each chosen deliberately. That what it means to architect an agent not just spin one up. And that the core of this track. You can now take a pile of documents and turn it into an agent that answers accurately and remembers the people it helping even across separate conversations. That a genuinely useful product and you built it. I Felipe with Lieser. I see you next time
Lyzr for Business Professionals,Chapter 04: Memory & Knowledge Graphs,The Semantic Model & Global Context,"<h1 style=""color:#651a39; font-weight:700; font-size:24px; margin-top:0; margin-bottom:12px;"">The Semantic Model & Global Context</h1>

<h2 style=""color:#111827; font-weight:700; font-size:18px; margin-top:20px; margin-bottom:8px; border-bottom:2px solid #e5e7eb; padding-bottom:4px;"">🎯 Learning Objectives</h2>
<ul style=""margin-top:6px; margin-bottom:12px; padding-left:24px;"">
  <li style=""margin-bottom:4px; color:#374151;"">Master the visual build-and-deploy workflow in Lyzr Agent Studio.</li>
  <li style=""margin-bottom:4px; color:#374151;"">Configure agent parameters, guardrails, knowledge bases, and SuperFlow orchestrations without code.</li>
  <li style=""margin-bottom:4px; color:#374151;"">Test, simulate, and observe agent performance before publishing to production.</li>
</ul>

<h2 style=""color:#111827; font-weight:700; font-size:18px; margin-top:20px; margin-bottom:8px; border-bottom:2px solid #e5e7eb; padding-bottom:4px;"">📚 In Agent Studio</h2>
<p style=""color:#374151; line-height:1.6; margin-top:6px; margin-bottom:10px;"">Lyzr Agent Studio provides an intuitive, no-code cockpit for business professionals and product teams to design, govern, and monitor autonomous agents.</p>

<p style=""color:#374151; line-height:1.6; margin-top:6px; margin-bottom:10px;"">Key Features Covered:</p>
<ul style=""margin-top:6px; margin-bottom:12px; padding-left:24px;"">
  <li style=""margin-bottom:4px; color:#374151;""><b>Build Phase:</b> Select agent type, assign provider models, and write system prompts.</li>
  <li style=""margin-bottom:4px; color:#374151;""><b>Equip Phase:</b> Attach enterprise Knowledge Bases, web search tools, and memory options.</li>
  <li style=""margin-bottom:4px; color:#374151;""><b>SuperFlow Engine:</b> Build complex multi-agent workflows with branching, loops, and routing.</li>
  <li style=""margin-bottom:4px; color:#374151;""><b>Simulation & Evals:</b> Run batch test scenarios in the Simulation Engine to verify guardrail enforcement.</li>
</ul>

<h2 style=""color:#111827; font-weight:700; font-size:18px; margin-top:20px; margin-bottom:8px; border-bottom:2px solid #e5e7eb; padding-bottom:4px;"">🛠️ Click-by-Click Walkthrough</h2>
<p style=""color:#374151; line-height:1.6; margin-top:6px; margin-bottom:10px;"">1. <b>Create New Agent:</b> Click <b>+ New Agent</b> in Agent Studio and select your target template.</p>
<p style=""color:#374151; line-height:1.6; margin-top:6px; margin-bottom:10px;"">2. <b>Configure Model & Prompt:</b> Choose your preferred LLM provider (OpenAI, Anthropic, Gemini) and define role instructions.</p>
<p style=""color:#374151; line-height:1.6; margin-top:6px; margin-bottom:10px;"">3. <b>Attach Knowledge & Tools:</b> In the <b>Equip</b> tab, select your Knowledge Base and enable active tools.</p>
<p style=""color:#374151; line-height:1.6; margin-top:6px; margin-bottom:10px;"">4. <b>Test in Playground:</b> Use the interactive side drawer to test sample prompts and inspect live execution traces.</p>
<p style=""color:#374151; line-height:1.6; margin-top:6px; margin-bottom:10px;"">5. <b>Publish & Deploy:</b> Toggle status from Draft to <b>Published</b> to share your agent endpoint.</p>

<h2 style=""color:#111827; font-weight:700; font-size:18px; margin-top:20px; margin-bottom:8px; border-bottom:2px solid #e5e7eb; padding-bottom:4px;"">💡 Key Takeaways</h2>
<ul style=""margin-top:6px; margin-bottom:12px; padding-left:24px;"">
  <li style=""margin-bottom:4px; color:#374151;"">Agent Studio bridges business requirements with production-ready AI execution.</li>
  <li style=""margin-bottom:4px; color:#374151;"">SuperFlow allows non-technical users to build sophisticated agent swarms.</li>
</ul>",https://share.descript.com/view/M7ktDjS5XE4,C02_CH04_L04_the_semantic_model_global_context.mp4,Take a use case where we will build an agent which is backed by knowledge base. So the use case goes as follows. We have an employee handbook from Nova Bridge Technologies and this handbook contains details about the employee policies at Nova Bridge Technologies. Let see what all it contains. It contains different employment policies code and conduct ethics compensation and benefits leave and time off policies and various other policies related to employees. What we want to do is build an agent that will answer any query related to employee policies. This agent will be used by employees of this company and they will ask any question related to employee policy. If the answer lies in this particular document the agent should be able to answer that particular query. However if the answer is not present in this particular document it should say that I do not know the answer to your query. So let see how we can do that So we are going to build this agent and the knowledge base in the studio platform at studio.lyza.ai. So firstly we will create the knowledge base. Followed by that we will create the agent which will use this knowledge base. In order to create the knowledge base from the left navigation menu go to Knowledge Base and on the top right click on the New button and select Knowledge Base. We will create a basic knowledge base. However we do support graph-based knowledge base as well. Let give it a good name say Nova Bridge Employee Policies a description Knowledge base containing employee policies for Nova Bridge Technologies employees. And then select the vector store as per your choice and the text embedding model as per your choice. I will leave both of them as default and I create the knowledge base. Now in knowledge base we support multiple types of sources. These are all unstructured data present in the form of text. So we support adding files. The files could be of different formats .pdf .docx .txt. We also support adding websites. Whenever you add a website you can crawl the website to multiple subpages and all those web pages could be added as a knowledge base. Then we also support text and live source. Live source supports drives like SharePoint and Google Drive as well as website. This option is useful whenever you want to recrawl and reprocess the data again and again at regular intervals because the data is updating at the source. For example when you select website you
Lyzr for Business Professionals,Chapter 05: Responsible AI & Observability,Responsible AI & Guardrails,"<h1 style=""color:#651a39; font-weight:700; font-size:24px; margin-top:0; margin-bottom:12px;"">Responsible AI & Guardrails</h1>

<h2 style=""color:#111827; font-weight:700; font-size:18px; margin-top:20px; margin-bottom:8px; border-bottom:2px solid #e5e7eb; padding-bottom:4px;"">🎯 Learning Objectives</h2>
<ul style=""margin-top:6px; margin-bottom:12px; padding-left:24px;"">
  <li style=""margin-bottom:4px; color:#374151;"">Master the visual build-and-deploy workflow in Lyzr Agent Studio.</li>
  <li style=""margin-bottom:4px; color:#374151;"">Configure agent parameters, guardrails, knowledge bases, and SuperFlow orchestrations without code.</li>
  <li style=""margin-bottom:4px; color:#374151;"">Test, simulate, and observe agent performance before publishing to production.</li>
</ul>

<h2 style=""color:#111827; font-weight:700; font-size:18px; margin-top:20px; margin-bottom:8px; border-bottom:2px solid #e5e7eb; padding-bottom:4px;"">📚 In Agent Studio</h2>
<p style=""color:#374151; line-height:1.6; margin-top:6px; margin-bottom:10px;"">Lyzr Agent Studio provides an intuitive, no-code cockpit for business professionals and product teams to design, govern, and monitor autonomous agents.</p>

<p style=""color:#374151; line-height:1.6; margin-top:6px; margin-bottom:10px;"">Key Features Covered:</p>
<ul style=""margin-top:6px; margin-bottom:12px; padding-left:24px;"">
  <li style=""margin-bottom:4px; color:#374151;""><b>Build Phase:</b> Select agent type, assign provider models, and write system prompts.</li>
  <li style=""margin-bottom:4px; color:#374151;""><b>Equip Phase:</b> Attach enterprise Knowledge Bases, web search tools, and memory options.</li>
  <li style=""margin-bottom:4px; color:#374151;""><b>SuperFlow Engine:</b> Build complex multi-agent workflows with branching, loops, and routing.</li>
  <li style=""margin-bottom:4px; color:#374151;""><b>Simulation & Evals:</b> Run batch test scenarios in the Simulation Engine to verify guardrail enforcement.</li>
</ul>

<h2 style=""color:#111827; font-weight:700; font-size:18px; margin-top:20px; margin-bottom:8px; border-bottom:2px solid #e5e7eb; padding-bottom:4px;"">🛠️ Click-by-Click Walkthrough</h2>
<p style=""color:#374151; line-height:1.6; margin-top:6px; margin-bottom:10px;"">1. <b>Create New Agent:</b> Click <b>+ New Agent</b> in Agent Studio and select your target template.</p>
<p style=""color:#374151; line-height:1.6; margin-top:6px; margin-bottom:10px;"">2. <b>Configure Model & Prompt:</b> Choose your preferred LLM provider (OpenAI, Anthropic, Gemini) and define role instructions.</p>
<p style=""color:#374151; line-height:1.6; margin-top:6px; margin-bottom:10px;"">3. <b>Attach Knowledge & Tools:</b> In the <b>Equip</b> tab, select your Knowledge Base and enable active tools.</p>
<p style=""color:#374151; line-height:1.6; margin-top:6px; margin-bottom:10px;"">4. <b>Test in Playground:</b> Use the interactive side drawer to test sample prompts and inspect live execution traces.</p>
<p style=""color:#374151; line-height:1.6; margin-top:6px; margin-bottom:10px;"">5. <b>Publish & Deploy:</b> Toggle status from Draft to <b>Published</b> to share your agent endpoint.</p>

<h2 style=""color:#111827; font-weight:700; font-size:18px; margin-top:20px; margin-bottom:8px; border-bottom:2px solid #e5e7eb; padding-bottom:4px;"">💡 Key Takeaways</h2>
<ul style=""margin-top:6px; margin-bottom:12px; padding-left:24px;"">
  <li style=""margin-bottom:4px; color:#374151;"">Agent Studio bridges business requirements with production-ready AI execution.</li>
  <li style=""margin-bottom:4px; color:#374151;"">SuperFlow allows non-technical users to build sophisticated agent swarms.</li>
</ul>",https://share.descript.com/view/c1cv27a45SV,C02_CH05_L01_responsible_ai_guardrails.mp4,Our support agent is sharp and grounded in our docs. But before it ever talks to a real customer we have to deal with a real risk. Customers will hand it sensitive information their email their phone number sometimes a full card number. We do not want any of that reaching the model or sitting in our logs. So in this video we add a guardrail Leiser live under responsible AI. Think of them as rules that run automatically on every message on the way in and on the way out completely separate from whatever the model decides to do. Remember in the build video we told the agent never to review personal data? That was an instruction a request. A guardrail is an enforcement. You want both. I create a new policy and call it Northwind PII masking. Inside the policy there a whole library of guardrails. The one we want is personally identifiable information. I switch it on Now I choose how to handle each kind of sensitive data and I have two options: block which stops the message entirely or redact which masks just the sensitive part and lets the conversation keep going. For a support agent I want redact. We still want to help the customer. We just never want to actually see or store their private data. So I set credit card numbers email addresses and phone numbers to redacted and save Then I attach the policy to our agent. Under Features I open Responsible AI pick Northwind PII masking and save Now let prove it. I send a message the way a customer actually would. I include my email address my full card number and say I was charged twice. Help. And watch the reply. The agent says it can see or repeat my email or card details. This is the guardrail doing its job. It redacted the email and the card before the model ever saw them so the agent literally cannot read them back to me. And notice it still helps. It tells the customer that duplicate charges go to the payments team and offers to help with their order instead. Safe and still useful. And this is just one guardrail. The same policy covers prompting action toxicity banned topics and more. You turn on the protections that match your risk. Our agent is now governed. Next we put it through a proper test across real scenarios. I Felipe with Lyzr. See you there.
Lyzr for Business Professionals,Chapter 05: Responsible AI & Observability,Agent Simulation & Observability,"<h1 style=""color:#651a39; font-weight:700; font-size:24px; margin-top:0; margin-bottom:12px;"">Agent Simulation & Observability</h1>

<h2 style=""color:#111827; font-weight:700; font-size:18px; margin-top:20px; margin-bottom:8px; border-bottom:2px solid #e5e7eb; padding-bottom:4px;"">🎯 Learning Objectives</h2>
<ul style=""margin-top:6px; margin-bottom:12px; padding-left:24px;"">
  <li style=""margin-bottom:4px; color:#374151;"">Master the visual build-and-deploy workflow in Lyzr Agent Studio.</li>
  <li style=""margin-bottom:4px; color:#374151;"">Configure agent parameters, guardrails, knowledge bases, and SuperFlow orchestrations without code.</li>
  <li style=""margin-bottom:4px; color:#374151;"">Test, simulate, and observe agent performance before publishing to production.</li>
</ul>

<h2 style=""color:#111827; font-weight:700; font-size:18px; margin-top:20px; margin-bottom:8px; border-bottom:2px solid #e5e7eb; padding-bottom:4px;"">📚 In Agent Studio</h2>
<p style=""color:#374151; line-height:1.6; margin-top:6px; margin-bottom:10px;"">Lyzr Agent Studio provides an intuitive, no-code cockpit for business professionals and product teams to design, govern, and monitor autonomous agents.</p>

<p style=""color:#374151; line-height:1.6; margin-top:6px; margin-bottom:10px;"">Key Features Covered:</p>
<ul style=""margin-top:6px; margin-bottom:12px; padding-left:24px;"">
  <li style=""margin-bottom:4px; color:#374151;""><b>Build Phase:</b> Select agent type, assign provider models, and write system prompts.</li>
  <li style=""margin-bottom:4px; color:#374151;""><b>Equip Phase:</b> Attach enterprise Knowledge Bases, web search tools, and memory options.</li>
  <li style=""margin-bottom:4px; color:#374151;""><b>SuperFlow Engine:</b> Build complex multi-agent workflows with branching, loops, and routing.</li>
  <li style=""margin-bottom:4px; color:#374151;""><b>Simulation & Evals:</b> Run batch test scenarios in the Simulation Engine to verify guardrail enforcement.</li>
</ul>

<h2 style=""color:#111827; font-weight:700; font-size:18px; margin-top:20px; margin-bottom:8px; border-bottom:2px solid #e5e7eb; padding-bottom:4px;"">🛠️ Click-by-Click Walkthrough</h2>
<p style=""color:#374151; line-height:1.6; margin-top:6px; margin-bottom:10px;"">1. <b>Create New Agent:</b> Click <b>+ New Agent</b> in Agent Studio and select your target template.</p>
<p style=""color:#374151; line-height:1.6; margin-top:6px; margin-bottom:10px;"">2. <b>Configure Model & Prompt:</b> Choose your preferred LLM provider (OpenAI, Anthropic, Gemini) and define role instructions.</p>
<p style=""color:#374151; line-height:1.6; margin-top:6px; margin-bottom:10px;"">3. <b>Attach Knowledge & Tools:</b> In the <b>Equip</b> tab, select your Knowledge Base and enable active tools.</p>
<p style=""color:#374151; line-height:1.6; margin-top:6px; margin-bottom:10px;"">4. <b>Test in Playground:</b> Use the interactive side drawer to test sample prompts and inspect live execution traces.</p>
<p style=""color:#374151; line-height:1.6; margin-top:6px; margin-bottom:10px;"">5. <b>Publish & Deploy:</b> Toggle status from Draft to <b>Published</b> to share your agent endpoint.</p>

<h2 style=""color:#111827; font-weight:700; font-size:18px; margin-top:20px; margin-bottom:8px; border-bottom:2px solid #e5e7eb; padding-bottom:4px;"">💡 Key Takeaways</h2>
<ul style=""margin-top:6px; margin-bottom:12px; padding-left:24px;"">
  <li style=""margin-bottom:4px; color:#374151;"">Agent Studio bridges business requirements with production-ready AI execution.</li>
  <li style=""margin-bottom:4px; color:#374151;"">SuperFlow allows non-technical users to build sophisticated agent swarms.</li>
</ul>",https://share.descript.com/view/lJdFYCeMQq9,C02_CH05_L02_agent_simulation_observability.mp4,We built our agent equipped it and locked it down with a guardrail. Before we put it in front of real customers we test it. Not just does it run but does it behave the way we need it to? That what the playground is for I open the playground and start a fresh chat. A couple of things I want to confirm: does it know what it should? Does it admit what it doesn And can I see why it answered the way it did? First something it should know. What the return window for an unopened laptop? And there it is. Unopened laptops can be returned within 30 days of delivery for a full refund. That came straight from our help docs exactly what we want Now the more important test. What happens when I ask something that isn in our docs? Do you price match Best Buy? Watch the reply. It says it not sure that our help docs don mention a price match policy and it offers to escalate to a human agent. This is the behavior that builds trust. A weaker setup would have invented a confident answer. Ours admits what it doesn know and routes the customer to a person And I can see exactly why. I open the trace for that last message. Here the agent searching our knowledge base with the query Do you price match Best Buy? The docs come back with nothing on price matching so instead of guessing it escalated. That the difference between an agent you hope works and one you can actually verify. If an answer ever comes back wrong this is your loop. Adjust the instructions the knowledge or the model and test again. When it passes the scenarios that matter to you it ready to ship and shipping is exactly what next. I Philippe with Leizer. See you there
Lyzr for Technical Professionals,Chapter 01: ADK Foundations,What is a Lyzr Agent?,"<h1 style=""color:#651a39; font-weight:700; font-size:24px; margin-top:0; margin-bottom:12px;"">What is a Lyzr Agent?</h1>

<h2 style=""color:#111827; font-weight:700; font-size:18px; margin-top:20px; margin-bottom:8px; border-bottom:2px solid #e5e7eb; padding-bottom:4px;"">🎯 Learning Objectives</h2>
<ul style=""margin-top:6px; margin-bottom:12px; padding-left:24px;"">
  <li style=""margin-bottom:4px; color:#374151;"">Build custom AI agent applications programmatically using the Lyzr ADK Python SDK.</li>
  <li style=""margin-bottom:4px; color:#374151;"">Manage LLM provider switching, streaming responses, and structured Pydantic outputs.</li>
  <li style=""margin-bottom:4px; color:#374151;"">Implement custom RAG pipelines, vector store retrievers, and function-calling tools.</li>
</ul>

<h2 style=""color:#111827; font-weight:700; font-size:18px; margin-top:20px; margin-bottom:8px; border-bottom:2px solid #e5e7eb; padding-bottom:4px;"">📚 Technical Reference & Code Architecture</h2>
<p style=""color:#374151; line-height:1.6; margin-top:6px; margin-bottom:10px;"">The Lyzr ADK (<code style=""background-color:#f3f4f6; color:#d97706; padding:2px 6px; border-radius:4px; font-family:monospace; font-weight:600;"">lyzr-agent-api</code>) provides developer-first abstractions for composing stateful agents, memory stores, and custom tools.</p>

<p style=""color:#374151; line-height:1.6; margin-top:6px; margin-bottom:10px;"">Key Code Constructs:</p>
<ul style=""margin-top:6px; margin-bottom:12px; padding-left:24px;"">
  <li style=""margin-bottom:4px; color:#374151;""><b><code style=""background-color:#f3f4f6; color:#d97706; padding:2px 6px; border-radius:4px; font-family:monospace; font-weight:600;"">Agent</code> Class:</b> Core class for initializing agents with system prompts and model parameters.</li>
  <li style=""margin-bottom:4px; color:#374151;""><b>Provider Interchangeability:</b> Easily switch between <code style=""background-color:#f3f4f6; color:#d97706; padding:2px 6px; border-radius:4px; font-family:monospace; font-weight:600;"">OpenAI</code>, <code style=""background-color:#f3f4f6; color:#d97706; padding:2px 6px; border-radius:4px; font-family:monospace; font-weight:600;"">Anthropic</code>, <code style=""background-color:#f3f4f6; color:#d97706; padding:2px 6px; border-radius:4px; font-family:monospace; font-weight:600;"">Gemini</code>, or local Ollama endpoints.</li>
  <li style=""margin-bottom:4px; color:#374151;""><b>Structured Output:</b> Enforce strict JSON output schemas using Pydantic models.</li>
</ul>

<h2 style=""color:#111827; font-weight:700; font-size:18px; margin-top:20px; margin-bottom:8px; border-bottom:2px solid #e5e7eb; padding-bottom:4px;"">🛠️ Step-by-Step Implementation Guide</h2>
<p style=""color:#374151; line-height:1.6; margin-top:6px; margin-bottom:10px;"">1. <b>Install Lyzr SDK:</b></p>
   <pre style=""background-color:#1e1e2e; color:#f8f8f2; padding:14px; border-radius:6px; font-family:monospace; overflow-x:auto; line-height:1.4;""><code>pip install lyzr-agent-api</code></pre>
<p style=""color:#374151; line-height:1.6; margin-top:6px; margin-bottom:10px;"">2. <b>Initialize Agent:</b></p>
   <pre style=""background-color:#1e1e2e; color:#f8f8f2; padding:14px; border-radius:6px; font-family:monospace; overflow-x:auto; line-height:1.4;""><code>from lyzr_agent_api import Agent, Environment
   
<p style=""color:#374151; line-height:1.6; margin-top:6px; margin-bottom:10px;"">agent = Agent(</p>
<p style=""color:#374151; line-height:1.6; margin-top:6px; margin-bottom:10px;"">name=""What is a Lyzr Agent? Agent"",</p>
<p style=""color:#374151; line-height:1.6; margin-top:6px; margin-bottom:10px;"">instructions=""You are an expert technical assistant."",</p>
<p style=""color:#374151; line-height:1.6; margin-top:6px; margin-bottom:10px;"">model=""gpt-4o""</p>
<p style=""color:#374151; line-height:1.6; margin-top:6px; margin-bottom:10px;"">)</code></pre></p>
<p style=""color:#374151; line-height:1.6; margin-top:6px; margin-bottom:10px;"">3. <b>Run Query & Stream Response:</b></p>
   <pre style=""background-color:#1e1e2e; color:#f8f8f2; padding:14px; border-radius:6px; font-family:monospace; overflow-x:auto; line-height:1.4;""><code>response = agent.run(user_prompt=""Explain execution traces."")
<p style=""color:#374151; line-height:1.6; margin-top:6px; margin-bottom:10px;"">print(response)</code></pre></p>

<h2 style=""color:#111827; font-weight:700; font-size:18px; margin-top:20px; margin-bottom:8px; border-bottom:2px solid #e5e7eb; padding-bottom:4px;"">💡 Key Takeaways</h2>
<ul style=""margin-top:6px; margin-bottom:12px; padding-left:24px;"">
  <li style=""margin-bottom:4px; color:#374151;"">The ADK Python SDK enables full programmatic control over agent memory, tools, and execution traces.</li>
  <li style=""margin-bottom:4px; color:#374151;"">Structured outputs ensure seamless integration into existing REST APIs and microservices.</li>
</ul>",https://share.descript.com/view/l0epSX3Joov,C03_CH01_L01_what_is_a_lyzr_agent.mp4,Today we building your first agent with the Lyzr SDK. By the end of this video you have a working agent running locally and you understand what agent actually means in this stack. Let jump in. First thing install the SDK. The package is LR dash a DK. Note the dash a DK. On the end I P to 0.1 0.9 so that everything in these videos works exactly the same for you. You need one API key for the whole SDK not one per provider. Lyzr handles the provider credential server side so you don need an open AI key. An anthropic key one Liz Key covers everything. Sign in@studio.liz.ai. Go to your account page copy the API Key. I got mine in a dot n file next to the notebook that keeps the key out of the code. The SDK reads Lyzr API Key automatically. So all I need to do is load the file here is cell three. Two lines. Import studio from Liz and Initialize it Studio is the entry point for the whole SDK. It reads your API key from the environment and it how you create agents knowledge basis. Everything else we gonna cover. Cell four is the agent itself. Five parameters a name so you can find it later. A provider I using DPT four oh. A role that describes what the agent is a goal that describes what it trying to do and instructions that shape how it responds. That the whole surface for a basic agent. Everything else we cover like memories tools knowledge basis structured outputs. Hangs off the same call cell five runs the agent. agent.run. Takes a message sends it to the model returns a response object. The text is on response response. There it is a clean three sentence answer definition how it works examples image recognition recommendation systems autonomous vehicles. Honestly the instruction side be concise and this leans more textbook than concise. It a solid answer but on the longer side that exactly the kind of behavior. We tune into the next video when we open up create underscore agent. So what is an agent? Really? An agent is three things. An LLM that the provider line GPT four oh. In our case a set of instructions that shape how it responds. Roll goal instructions and a run loop agent run is the call that ties it all together. That it. Everything in this course builds on those three. Streaming is a different way to get the response back. Structured outputs constrain what comes out. Memory gives the agent context across calls tools. Let it do things beyond text knowledge basis. Let it read your documents. All of it hangs off the same Create agent and agent run shape you just wrote. If you used other Asian frameworks you might be expecting more ceremony. There isn any and that the point. next up we open up the hood and create underscore agent every parameter. What it does when to reach for it. If you want to get ahead change the provider in cell four to Cloud Sunnet or Gemini and see what happens. We cover provider swapping in more depth soon. I am Felipe with Lyzr Until next time.
Lyzr for Technical Professionals,Chapter 01: ADK Foundations,Building Your First Agent,"<h1 style=""color:#651a39; font-weight:700; font-size:24px; margin-top:0; margin-bottom:12px;"">Building Your First Agent</h1>

<h2 style=""color:#111827; font-weight:700; font-size:18px; margin-top:20px; margin-bottom:8px; border-bottom:2px solid #e5e7eb; padding-bottom:4px;"">🎯 Learning Objectives</h2>
<ul style=""margin-top:6px; margin-bottom:12px; padding-left:24px;"">
  <li style=""margin-bottom:4px; color:#374151;"">Build custom AI agent applications programmatically using the Lyzr ADK Python SDK.</li>
  <li style=""margin-bottom:4px; color:#374151;"">Manage LLM provider switching, streaming responses, and structured Pydantic outputs.</li>
  <li style=""margin-bottom:4px; color:#374151;"">Implement custom RAG pipelines, vector store retrievers, and function-calling tools.</li>
</ul>

<h2 style=""color:#111827; font-weight:700; font-size:18px; margin-top:20px; margin-bottom:8px; border-bottom:2px solid #e5e7eb; padding-bottom:4px;"">📚 Technical Reference & Code Architecture</h2>
<p style=""color:#374151; line-height:1.6; margin-top:6px; margin-bottom:10px;"">The Lyzr ADK (<code style=""background-color:#f3f4f6; color:#d97706; padding:2px 6px; border-radius:4px; font-family:monospace; font-weight:600;"">lyzr-agent-api</code>) provides developer-first abstractions for composing stateful agents, memory stores, and custom tools.</p>

<p style=""color:#374151; line-height:1.6; margin-top:6px; margin-bottom:10px;"">Key Code Constructs:</p>
<ul style=""margin-top:6px; margin-bottom:12px; padding-left:24px;"">
  <li style=""margin-bottom:4px; color:#374151;""><b><code style=""background-color:#f3f4f6; color:#d97706; padding:2px 6px; border-radius:4px; font-family:monospace; font-weight:600;"">Agent</code> Class:</b> Core class for initializing agents with system prompts and model parameters.</li>
  <li style=""margin-bottom:4px; color:#374151;""><b>Provider Interchangeability:</b> Easily switch between <code style=""background-color:#f3f4f6; color:#d97706; padding:2px 6px; border-radius:4px; font-family:monospace; font-weight:600;"">OpenAI</code>, <code style=""background-color:#f3f4f6; color:#d97706; padding:2px 6px; border-radius:4px; font-family:monospace; font-weight:600;"">Anthropic</code>, <code style=""background-color:#f3f4f6; color:#d97706; padding:2px 6px; border-radius:4px; font-family:monospace; font-weight:600;"">Gemini</code>, or local Ollama endpoints.</li>
  <li style=""margin-bottom:4px; color:#374151;""><b>Structured Output:</b> Enforce strict JSON output schemas using Pydantic models.</li>
</ul>

<h2 style=""color:#111827; font-weight:700; font-size:18px; margin-top:20px; margin-bottom:8px; border-bottom:2px solid #e5e7eb; padding-bottom:4px;"">🛠️ Step-by-Step Implementation Guide</h2>
<p style=""color:#374151; line-height:1.6; margin-top:6px; margin-bottom:10px;"">1. <b>Install Lyzr SDK:</b></p>
   <pre style=""background-color:#1e1e2e; color:#f8f8f2; padding:14px; border-radius:6px; font-family:monospace; overflow-x:auto; line-height:1.4;""><code>pip install lyzr-agent-api</code></pre>
<p style=""color:#374151; line-height:1.6; margin-top:6px; margin-bottom:10px;"">2. <b>Initialize Agent:</b></p>
   <pre style=""background-color:#1e1e2e; color:#f8f8f2; padding:14px; border-radius:6px; font-family:monospace; overflow-x:auto; line-height:1.4;""><code>from lyzr_agent_api import Agent, Environment
   
<p style=""color:#374151; line-height:1.6; margin-top:6px; margin-bottom:10px;"">agent = Agent(</p>
<p style=""color:#374151; line-height:1.6; margin-top:6px; margin-bottom:10px;"">name=""Building Your First Agent Agent"",</p>
<p style=""color:#374151; line-height:1.6; margin-top:6px; margin-bottom:10px;"">instructions=""You are an expert technical assistant."",</p>
<p style=""color:#374151; line-height:1.6; margin-top:6px; margin-bottom:10px;"">model=""gpt-4o""</p>
<p style=""color:#374151; line-height:1.6; margin-top:6px; margin-bottom:10px;"">)</code></pre></p>
<p style=""color:#374151; line-height:1.6; margin-top:6px; margin-bottom:10px;"">3. <b>Run Query & Stream Response:</b></p>
   <pre style=""background-color:#1e1e2e; color:#f8f8f2; padding:14px; border-radius:6px; font-family:monospace; overflow-x:auto; line-height:1.4;""><code>response = agent.run(user_prompt=""Explain execution traces."")
<p style=""color:#374151; line-height:1.6; margin-top:6px; margin-bottom:10px;"">print(response)</code></pre></p>

<h2 style=""color:#111827; font-weight:700; font-size:18px; margin-top:20px; margin-bottom:8px; border-bottom:2px solid #e5e7eb; padding-bottom:4px;"">💡 Key Takeaways</h2>
<ul style=""margin-top:6px; margin-bottom:12px; padding-left:24px;"">
  <li style=""margin-bottom:4px; color:#374151;"">The ADK Python SDK enables full programmatic control over agent memory, tools, and execution traces.</li>
  <li style=""margin-bottom:4px; color:#374151;"">Structured outputs ensure seamless integration into existing REST APIs and microservices.</li>
</ul>",https://share.descript.com/view/yfYCe1knewa,C03_CH01_L02_building_your_first_agent.mp4,Last video we shipped a working agent in about 10 lines. Today we open it up five parameters shape every license agent you will ever build. We walk through each one then I show you one option or knob that changes the agent behavior in a way. You can actually see quick setup. Install the SDK pin to 0.1 0.9. Load the API key from the dot M file initialized studio. Same as last video. If you done video one you can skip to the next section. So here a standard agent five parameters. First. A name a label for this agent. It how you find it later in studio and it what shows up in logs. Pick something descriptive. My assistant is fine for a demo. Support. Triage bot is better for real work. Second a provider the LLM you want the agent to use. DPT four O CLO sonnet 4.5 Gemini 2.5 et cetera. We swap these in the next video. For now we sticking to DPT four O third a rule one sentence describing what the agent is not what it does what it is. Customer support agent senior python engineer travel concierge. The one word matters because it sets the voice. Followed by goal what the agent is trying to achieve. Help customers receive issues. Review code for correctness and style plan trips that fit the user budget. The goal orients every response. Finally instructions the specific behavior rules. Be empathetic concise and solution oriented. Always explain your reasoning before giving code. Never recommend restaurants without checking availability. This is where you tune tone and behavior. Role is identity goal is direction. Instructions are behavior. If your agent is not behaving how you like it to 90% of the time it one of these three fields. agent.run takes a message and returns a response object. The text is on dot response. We saw this last video. Let run it with a question where I can show you something interesting. Clean one sentence textbook definition. A function calls itself to solve smaller instances of the same problem. That our baseline. Now I wanna show you one optional parameter because it changes behavior in a way. You can feel. Temperature zero to two default is 0.7. Low temperature. The model plays it safe. Predictable repetitive close to its most likely response. High temperature. It takes more risks more creative more varied sometimes weirder. One note on the demo temperature only moves behavior when there are lots of good answers to pick from. Ask for a definition of recursion and the model going to land in the same sentence no matter what. So I switching the prompt to something more open-Ended a metaphor for recursion. Same agent. Otherwise what what happens at zero then at 1.5 mirrors two mirrors facing each other each reflection holding a smaller version of itself That the model single most likely metaphor for recursion. At zero. Run it 10 times. You get the same sentence almost word for word. Now let turn it up. Temperature 1.5. Same prompt Russian nesting dolls different metaphor entirely and notice it added a little more until reaching the tiniest one. That can be opened. That the base case dressed up at 1.5. The model isn picking up top
Lyzr for Technical Professionals,Chapter 01: ADK Foundations,Swapping LLM Providers,"<h1 style=""color:#651a39; font-weight:700; font-size:24px; margin-top:0; margin-bottom:12px;"">Swapping LLM Providers</h1>

<h2 style=""color:#111827; font-weight:700; font-size:18px; margin-top:20px; margin-bottom:8px; border-bottom:2px solid #e5e7eb; padding-bottom:4px;"">🎯 Learning Objectives</h2>
<ul style=""margin-top:6px; margin-bottom:12px; padding-left:24px;"">
  <li style=""margin-bottom:4px; color:#374151;"">Build custom AI agent applications programmatically using the Lyzr ADK Python SDK.</li>
  <li style=""margin-bottom:4px; color:#374151;"">Manage LLM provider switching, streaming responses, and structured Pydantic outputs.</li>
  <li style=""margin-bottom:4px; color:#374151;"">Implement custom RAG pipelines, vector store retrievers, and function-calling tools.</li>
</ul>

<h2 style=""color:#111827; font-weight:700; font-size:18px; margin-top:20px; margin-bottom:8px; border-bottom:2px solid #e5e7eb; padding-bottom:4px;"">📚 Technical Reference & Code Architecture</h2>
<p style=""color:#374151; line-height:1.6; margin-top:6px; margin-bottom:10px;"">The Lyzr ADK (<code style=""background-color:#f3f4f6; color:#d97706; padding:2px 6px; border-radius:4px; font-family:monospace; font-weight:600;"">lyzr-agent-api</code>) provides developer-first abstractions for composing stateful agents, memory stores, and custom tools.</p>

<p style=""color:#374151; line-height:1.6; margin-top:6px; margin-bottom:10px;"">Key Code Constructs:</p>
<ul style=""margin-top:6px; margin-bottom:12px; padding-left:24px;"">
  <li style=""margin-bottom:4px; color:#374151;""><b><code style=""background-color:#f3f4f6; color:#d97706; padding:2px 6px; border-radius:4px; font-family:monospace; font-weight:600;"">Agent</code> Class:</b> Core class for initializing agents with system prompts and model parameters.</li>
  <li style=""margin-bottom:4px; color:#374151;""><b>Provider Interchangeability:</b> Easily switch between <code style=""background-color:#f3f4f6; color:#d97706; padding:2px 6px; border-radius:4px; font-family:monospace; font-weight:600;"">OpenAI</code>, <code style=""background-color:#f3f4f6; color:#d97706; padding:2px 6px; border-radius:4px; font-family:monospace; font-weight:600;"">Anthropic</code>, <code style=""background-color:#f3f4f6; color:#d97706; padding:2px 6px; border-radius:4px; font-family:monospace; font-weight:600;"">Gemini</code>, or local Ollama endpoints.</li>
  <li style=""margin-bottom:4px; color:#374151;""><b>Structured Output:</b> Enforce strict JSON output schemas using Pydantic models.</li>
</ul>

<h2 style=""color:#111827; font-weight:700; font-size:18px; margin-top:20px; margin-bottom:8px; border-bottom:2px solid #e5e7eb; padding-bottom:4px;"">🛠️ Step-by-Step Implementation Guide</h2>
<p style=""color:#374151; line-height:1.6; margin-top:6px; margin-bottom:10px;"">1. <b>Install Lyzr SDK:</b></p>
   <pre style=""background-color:#1e1e2e; color:#f8f8f2; padding:14px; border-radius:6px; font-family:monospace; overflow-x:auto; line-height:1.4;""><code>pip install lyzr-agent-api</code></pre>
<p style=""color:#374151; line-height:1.6; margin-top:6px; margin-bottom:10px;"">2. <b>Initialize Agent:</b></p>
   <pre style=""background-color:#1e1e2e; color:#f8f8f2; padding:14px; border-radius:6px; font-family:monospace; overflow-x:auto; line-height:1.4;""><code>from lyzr_agent_api import Agent, Environment
   
<p style=""color:#374151; line-height:1.6; margin-top:6px; margin-bottom:10px;"">agent = Agent(</p>
<p style=""color:#374151; line-height:1.6; margin-top:6px; margin-bottom:10px;"">name=""Swapping LLM Providers Agent"",</p>
<p style=""color:#374151; line-height:1.6; margin-top:6px; margin-bottom:10px;"">instructions=""You are an expert technical assistant."",</p>
<p style=""color:#374151; line-height:1.6; margin-top:6px; margin-bottom:10px;"">model=""gpt-4o""</p>
<p style=""color:#374151; line-height:1.6; margin-top:6px; margin-bottom:10px;"">)</code></pre></p>
<p style=""color:#374151; line-height:1.6; margin-top:6px; margin-bottom:10px;"">3. <b>Run Query & Stream Response:</b></p>
   <pre style=""background-color:#1e1e2e; color:#f8f8f2; padding:14px; border-radius:6px; font-family:monospace; overflow-x:auto; line-height:1.4;""><code>response = agent.run(user_prompt=""Explain execution traces."")
<p style=""color:#374151; line-height:1.6; margin-top:6px; margin-bottom:10px;"">print(response)</code></pre></p>

<h2 style=""color:#111827; font-weight:700; font-size:18px; margin-top:20px; margin-bottom:8px; border-bottom:2px solid #e5e7eb; padding-bottom:4px;"">💡 Key Takeaways</h2>
<ul style=""margin-top:6px; margin-bottom:12px; padding-left:24px;"">
  <li style=""margin-bottom:4px; color:#374151;"">The ADK Python SDK enables full programmatic control over agent memory, tools, and execution traces.</li>
  <li style=""margin-bottom:4px; color:#374151;"">Structured outputs ensure seamless integration into existing REST APIs and microservices.</li>
</ul>",https://share.descript.com/view/hxtkvfWflEe,C03_CH01_L03_swapping_llm_providers.mp4,One string changes your entire backend. The provider parameter on create underscore agent takes the name of a model and that it. Lies routes. The call to the right place same agent different brain. Today we swap through four providers on the same prompt and watch the answers change. Usual setup. If you watched the first two videos this is familiar. Two formats work short form just the model name DPT four oh cloud sonnet et cetera. L figures out which provider it belongs to and routes the call or explicit form provider slash model OpenAI slash gpt four oh et cetera. Short form is what I use day to day. It cleaner. And if Pfizer can auto detect for some reason the error message tells you to use the explicit form. So start short fall back explicitly only when you need to. Multiple providers work out of the box. OpenAI. Andro Google Grok. Perplexity AWS Bedrock. We gonna run four of them today. Starting with OpenAI GPT-4 O same role goal instructions you seen in the last two videos. Prompt in two sentences. What the most elegant idea in programming abstraction? Classic textbook answer. Measured explanatory enables developers to build upon existing functionality. That the baseline. Open AI register. Safe complete not electric. Swap one string collude sonnet 4.5. Everything else identical. Also abstraction but feel the voice shift. It shorter drowning in the details. Claude reached for a turn of phrase where open AI reached for a definition same idea different instincts. Let go with Google Gemini 2.5 Pro. Abstraction again Gemini leans more formal enormously complex systems understandable parts cleaner clauses a little more academic. Three models same answer. And gr I using Yama 3.3 70 billion parameters same open weight models. Most places run but served fast. Here the outlier. Yama didn say abstraction. It went with recursion. Only disagreement across the four smaller open weight models aren pooling from the exact same associations as the frontier closed models and an open-ended prompts like this one you feel it. Also speed grok serves that noticeably faster than the others which is the thing GR is actually selling. Quick note before the rundown. Four of these five landed on abstraction. That the real headline. Models converge on canonical safe answers. Provider comparisons earn their keep on open-ended work. Creative angles especially tasks. Anything with room for taste not on definition shaped questions. Keep that in mind when you do your own side by sides you don need to memorize the catalog. Here how I think about picking default the latest DPT or Claude Sonnet broad capability reliable
Lyzr for Technical Professionals,Chapter 01: ADK Foundations,Streaming Responses,"<h1 style=""color:#651a39; font-weight:700; font-size:24px; margin-top:0; margin-bottom:12px;"">Streaming Responses</h1>

<h2 style=""color:#111827; font-weight:700; font-size:18px; margin-top:20px; margin-bottom:8px; border-bottom:2px solid #e5e7eb; padding-bottom:4px;"">🎯 Learning Objectives</h2>
<ul style=""margin-top:6px; margin-bottom:12px; padding-left:24px;"">
  <li style=""margin-bottom:4px; color:#374151;"">Build custom AI agent applications programmatically using the Lyzr ADK Python SDK.</li>
  <li style=""margin-bottom:4px; color:#374151;"">Manage LLM provider switching, streaming responses, and structured Pydantic outputs.</li>
  <li style=""margin-bottom:4px; color:#374151;"">Implement custom RAG pipelines, vector store retrievers, and function-calling tools.</li>
</ul>

<h2 style=""color:#111827; font-weight:700; font-size:18px; margin-top:20px; margin-bottom:8px; border-bottom:2px solid #e5e7eb; padding-bottom:4px;"">📚 Technical Reference & Code Architecture</h2>
<p style=""color:#374151; line-height:1.6; margin-top:6px; margin-bottom:10px;"">The Lyzr ADK (<code style=""background-color:#f3f4f6; color:#d97706; padding:2px 6px; border-radius:4px; font-family:monospace; font-weight:600;"">lyzr-agent-api</code>) provides developer-first abstractions for composing stateful agents, memory stores, and custom tools.</p>

<p style=""color:#374151; line-height:1.6; margin-top:6px; margin-bottom:10px;"">Key Code Constructs:</p>
<ul style=""margin-top:6px; margin-bottom:12px; padding-left:24px;"">
  <li style=""margin-bottom:4px; color:#374151;""><b><code style=""background-color:#f3f4f6; color:#d97706; padding:2px 6px; border-radius:4px; font-family:monospace; font-weight:600;"">Agent</code> Class:</b> Core class for initializing agents with system prompts and model parameters.</li>
  <li style=""margin-bottom:4px; color:#374151;""><b>Provider Interchangeability:</b> Easily switch between <code style=""background-color:#f3f4f6; color:#d97706; padding:2px 6px; border-radius:4px; font-family:monospace; font-weight:600;"">OpenAI</code>, <code style=""background-color:#f3f4f6; color:#d97706; padding:2px 6px; border-radius:4px; font-family:monospace; font-weight:600;"">Anthropic</code>, <code style=""background-color:#f3f4f6; color:#d97706; padding:2px 6px; border-radius:4px; font-family:monospace; font-weight:600;"">Gemini</code>, or local Ollama endpoints.</li>
  <li style=""margin-bottom:4px; color:#374151;""><b>Structured Output:</b> Enforce strict JSON output schemas using Pydantic models.</li>
</ul>

<h2 style=""color:#111827; font-weight:700; font-size:18px; margin-top:20px; margin-bottom:8px; border-bottom:2px solid #e5e7eb; padding-bottom:4px;"">🛠️ Step-by-Step Implementation Guide</h2>
<p style=""color:#374151; line-height:1.6; margin-top:6px; margin-bottom:10px;"">1. <b>Install Lyzr SDK:</b></p>
   <pre style=""background-color:#1e1e2e; color:#f8f8f2; padding:14px; border-radius:6px; font-family:monospace; overflow-x:auto; line-height:1.4;""><code>pip install lyzr-agent-api</code></pre>
<p style=""color:#374151; line-height:1.6; margin-top:6px; margin-bottom:10px;"">2. <b>Initialize Agent:</b></p>
   <pre style=""background-color:#1e1e2e; color:#f8f8f2; padding:14px; border-radius:6px; font-family:monospace; overflow-x:auto; line-height:1.4;""><code>from lyzr_agent_api import Agent, Environment
   
<p style=""color:#374151; line-height:1.6; margin-top:6px; margin-bottom:10px;"">agent = Agent(</p>
<p style=""color:#374151; line-height:1.6; margin-top:6px; margin-bottom:10px;"">name=""Streaming Responses Agent"",</p>
<p style=""color:#374151; line-height:1.6; margin-top:6px; margin-bottom:10px;"">instructions=""You are an expert technical assistant."",</p>
<p style=""color:#374151; line-height:1.6; margin-top:6px; margin-bottom:10px;"">model=""gpt-4o""</p>
<p style=""color:#374151; line-height:1.6; margin-top:6px; margin-bottom:10px;"">)</code></pre></p>
<p style=""color:#374151; line-height:1.6; margin-top:6px; margin-bottom:10px;"">3. <b>Run Query & Stream Response:</b></p>
   <pre style=""background-color:#1e1e2e; color:#f8f8f2; padding:14px; border-radius:6px; font-family:monospace; overflow-x:auto; line-height:1.4;""><code>response = agent.run(user_prompt=""Explain execution traces."")
<p style=""color:#374151; line-height:1.6; margin-top:6px; margin-bottom:10px;"">print(response)</code></pre></p>

<h2 style=""color:#111827; font-weight:700; font-size:18px; margin-top:20px; margin-bottom:8px; border-bottom:2px solid #e5e7eb; padding-bottom:4px;"">💡 Key Takeaways</h2>
<ul style=""margin-top:6px; margin-bottom:12px; padding-left:24px;"">
  <li style=""margin-bottom:4px; color:#374151;"">The ADK Python SDK enables full programmatic control over agent memory, tools, and execution traces.</li>
  <li style=""margin-bottom:4px; color:#374151;"">Structured outputs ensure seamless integration into existing REST APIs and microservices.</li>
</ul>",https://share.descript.com/view/eIDkrH3oXLJ,C03_CH01_L04_streaming_responses.mp4,Today we turning on streaming. One parameter on agent run stream equals true. Instead of waiting for the full answer you get tokens As the model produces them the UX feels completely different and the code change is about four lines. Usual setup same M file and same studio in it you seen in the first three videos. If you been following along skip ahead. Baseline. First standard agent standard call prompt. Write a short paragraph about why streams feel fast even when total time is the same Couple of seconds of silence. Then the whole paragraph lands that. Pause is the problem. Streaming solves. The motto is generating tokens the whole time. We just not showing them until it done. Here the change. Same agent. Run one extra keyword streams equal true that flips the return type. Instead of a response object you get an iterator. Each pass of the loop is one chunk Four lines. Loop first thing in the body check chunk done and break. If it the last chunk then print chunk content and equals empty string. And flush equals true. So Python doesn buffer because the whole point is to see the text arrive. Why break before the print? The final chunk in this SDK carries the full accumulated text in dot content not just the last token. If you print it you get your whole answer twice. We already admitted every token via the chunks that came before. So skipping the done chunk is the right move there. It is. Same agent same prompt same total time roughly. But the words arrive as they generated for anything user facing a chat ui a writing tool a code assistant. This is the difference between is it working and it working Quick look at what actually on each chunk so you not guessing. I running a tiny prompt count to three and dumping the fields on every chunk until the loop naturally exits undone. One thing to notice look at the Chunk Zero through five. Continent Delta are identical in each one. Both give you the new text for this chunk just a token or two. That why our simple print loop works. Each chunk is the next piece and equals empty string glues them together. You get the running output for free. Two more fields worth knowing about but not using today. Structured underscore data is populated on the done chunk. If you set a response underscore model that the next video. An artifact underscore files shows up when the agent generates files which will hit when we get to image generation. For most streaming code chunk content and chunk done are all you need. One. Gotcha. You need to know before you ship this when you attach a responsible AI policy to an agent. Guardrails for PII toxicity prompt injection any of that streaming turns off silently. Your code still runs the loop Seal works. You just get one big chunk at the end instead of tokens arriving live. The SDK falls back to non streaming so the guardrail can scan the full response before any of it reaches the user. That the right behavior for safety Streaming. Half an answer past a policy chunk defeats the point but it silent no warning and we will make your streaming UI look broken.
Lyzr for Technical Professionals,Chapter 01: ADK Foundations,Structured Outputs,"<h1 style=""color:#651a39; font-weight:700; font-size:24px; margin-top:0; margin-bottom:12px;"">Structured Outputs</h1>

<h2 style=""color:#111827; font-weight:700; font-size:18px; margin-top:20px; margin-bottom:8px; border-bottom:2px solid #e5e7eb; padding-bottom:4px;"">🎯 Learning Objectives</h2>
<ul style=""margin-top:6px; margin-bottom:12px; padding-left:24px;"">
  <li style=""margin-bottom:4px; color:#374151;"">Build custom AI agent applications programmatically using the Lyzr ADK Python SDK.</li>
  <li style=""margin-bottom:4px; color:#374151;"">Manage LLM provider switching, streaming responses, and structured Pydantic outputs.</li>
  <li style=""margin-bottom:4px; color:#374151;"">Implement custom RAG pipelines, vector store retrievers, and function-calling tools.</li>
</ul>

<h2 style=""color:#111827; font-weight:700; font-size:18px; margin-top:20px; margin-bottom:8px; border-bottom:2px solid #e5e7eb; padding-bottom:4px;"">📚 Technical Reference & Code Architecture</h2>
<p style=""color:#374151; line-height:1.6; margin-top:6px; margin-bottom:10px;"">The Lyzr ADK (<code style=""background-color:#f3f4f6; color:#d97706; padding:2px 6px; border-radius:4px; font-family:monospace; font-weight:600;"">lyzr-agent-api</code>) provides developer-first abstractions for composing stateful agents, memory stores, and custom tools.</p>

<p style=""color:#374151; line-height:1.6; margin-top:6px; margin-bottom:10px;"">Key Code Constructs:</p>
<ul style=""margin-top:6px; margin-bottom:12px; padding-left:24px;"">
  <li style=""margin-bottom:4px; color:#374151;""><b><code style=""background-color:#f3f4f6; color:#d97706; padding:2px 6px; border-radius:4px; font-family:monospace; font-weight:600;"">Agent</code> Class:</b> Core class for initializing agents with system prompts and model parameters.</li>
  <li style=""margin-bottom:4px; color:#374151;""><b>Provider Interchangeability:</b> Easily switch between <code style=""background-color:#f3f4f6; color:#d97706; padding:2px 6px; border-radius:4px; font-family:monospace; font-weight:600;"">OpenAI</code>, <code style=""background-color:#f3f4f6; color:#d97706; padding:2px 6px; border-radius:4px; font-family:monospace; font-weight:600;"">Anthropic</code>, <code style=""background-color:#f3f4f6; color:#d97706; padding:2px 6px; border-radius:4px; font-family:monospace; font-weight:600;"">Gemini</code>, or local Ollama endpoints.</li>
  <li style=""margin-bottom:4px; color:#374151;""><b>Structured Output:</b> Enforce strict JSON output schemas using Pydantic models.</li>
</ul>

<h2 style=""color:#111827; font-weight:700; font-size:18px; margin-top:20px; margin-bottom:8px; border-bottom:2px solid #e5e7eb; padding-bottom:4px;"">🛠️ Step-by-Step Implementation Guide</h2>
<p style=""color:#374151; line-height:1.6; margin-top:6px; margin-bottom:10px;"">1. <b>Install Lyzr SDK:</b></p>
   <pre style=""background-color:#1e1e2e; color:#f8f8f2; padding:14px; border-radius:6px; font-family:monospace; overflow-x:auto; line-height:1.4;""><code>pip install lyzr-agent-api</code></pre>
<p style=""color:#374151; line-height:1.6; margin-top:6px; margin-bottom:10px;"">2. <b>Initialize Agent:</b></p>
   <pre style=""background-color:#1e1e2e; color:#f8f8f2; padding:14px; border-radius:6px; font-family:monospace; overflow-x:auto; line-height:1.4;""><code>from lyzr_agent_api import Agent, Environment
   
<p style=""color:#374151; line-height:1.6; margin-top:6px; margin-bottom:10px;"">agent = Agent(</p>
<p style=""color:#374151; line-height:1.6; margin-top:6px; margin-bottom:10px;"">name=""Structured Outputs Agent"",</p>
<p style=""color:#374151; line-height:1.6; margin-top:6px; margin-bottom:10px;"">instructions=""You are an expert technical assistant."",</p>
<p style=""color:#374151; line-height:1.6; margin-top:6px; margin-bottom:10px;"">model=""gpt-4o""</p>
<p style=""color:#374151; line-height:1.6; margin-top:6px; margin-bottom:10px;"">)</code></pre></p>
<p style=""color:#374151; line-height:1.6; margin-top:6px; margin-bottom:10px;"">3. <b>Run Query & Stream Response:</b></p>
   <pre style=""background-color:#1e1e2e; color:#f8f8f2; padding:14px; border-radius:6px; font-family:monospace; overflow-x:auto; line-height:1.4;""><code>response = agent.run(user_prompt=""Explain execution traces."")
<p style=""color:#374151; line-height:1.6; margin-top:6px; margin-bottom:10px;"">print(response)</code></pre></p>

<h2 style=""color:#111827; font-weight:700; font-size:18px; margin-top:20px; margin-bottom:8px; border-bottom:2px solid #e5e7eb; padding-bottom:4px;"">💡 Key Takeaways</h2>
<ul style=""margin-top:6px; margin-bottom:12px; padding-left:24px;"">
  <li style=""margin-bottom:4px; color:#374151;"">The ADK Python SDK enables full programmatic control over agent memory, tools, and execution traces.</li>
  <li style=""margin-bottom:4px; color:#374151;"">Structured outputs ensure seamless integration into existing REST APIs and microservices.</li>
</ul>",https://share.descript.com/view/4xzQOA2jpvz,C03_CH01_L05_structured_outputs.mp4,Today we getting structured data out of an agent not a string. You have to parse not Jason. You have to hope is valid. A identical model validated typed ready to use one parameter on create underscore agent and the shape of the return value changes completely. Same setup as always. Install low the key spin up studio. I pinned the reviewer going to analyze to a review variable so we can feed the exact same input to every agent in this video. Before we do this the right way let me show you the wrong way because this is what most people reach for. First ask the model for Jason in the prompt. Return adjacent object with sentiment and confidence. Then parse the string on the other side. Look at that the model wrapped it in a markdown code fence triple back ticks. Jason tag then the object inside. Technically correct Jason completely impossible without stripping those chances first. And this time it skip the here your js ON preamble but run it again or run it in a different provider and you get one. There no contract there no guarantee. This is the re. You end up riding a parser with three fallbacks and it still breaks on the fourth case you didn think of that not the model fault you didn tell it the shape you just hoped. Here the fix. Define a den model for the shape you want. Pass it to create underscore agent as response underscore model and that it. Three fields. Sentiment is an enum one of the three strings. Confidence is a float. Sum is a string standard pedantic. Notice something agent.run didn return an agent response object. It returned a review analysis instance directly. No dot response to unwrap. I can pull dot sentiment and dot confidence off it like any tic object and they typed. My IDE knows sentiment is one of those three strings. If the motto ever tries to return something that doesn fit the schema. Denti raises before the bad data reaches my code. That the whole feature. Your prompt stops carrying schema instructions. Your code stops carrying parsers. The SDK handles both ends. The simple case is cheap but the real payoff is when the schema gets real nested issue. Model a list of them a float with a zero to one constraint a Boolean and field description everywhere. Those descriptions are not decorators. The SDK passes them to the motto as part of the schema which means they steer the output. If you want a field field a certain way put it in a description not in the prompt. Same input richer output. Three issues this time. Shipping quality support. Each one categorized each one with a one line description pulled from the review. Would underscore recommend flagged false? All typed ready to drop into a database a dashboard or a follow up agent? Whatever next in your pipeline. And notice the field descriptions are their keep I told the description field it should be one sentence issue summary and the model. Honor that. Know the customer mentioned that padding just the substance. That structured outputs. One parameter one ENT class A typed object on the other side. This is one of those features where once you use it you
Lyzr for Technical Professionals,Chapter 01: ADK Foundations,Project: Multi-Provider Chatbot,"<h1 style=""color:#651a39; font-weight:700; font-size:24px; margin-top:0; margin-bottom:12px;"">Project: Multi-Provider Chatbot</h1>

<h2 style=""color:#111827; font-weight:700; font-size:18px; margin-top:20px; margin-bottom:8px; border-bottom:2px solid #e5e7eb; padding-bottom:4px;"">🎯 Learning Objectives</h2>
<ul style=""margin-top:6px; margin-bottom:12px; padding-left:24px;"">
  <li style=""margin-bottom:4px; color:#374151;"">Build custom AI agent applications programmatically using the Lyzr ADK Python SDK.</li>
  <li style=""margin-bottom:4px; color:#374151;"">Manage LLM provider switching, streaming responses, and structured Pydantic outputs.</li>
  <li style=""margin-bottom:4px; color:#374151;"">Implement custom RAG pipelines, vector store retrievers, and function-calling tools.</li>
</ul>

<h2 style=""color:#111827; font-weight:700; font-size:18px; margin-top:20px; margin-bottom:8px; border-bottom:2px solid #e5e7eb; padding-bottom:4px;"">📚 Technical Reference & Code Architecture</h2>
<p style=""color:#374151; line-height:1.6; margin-top:6px; margin-bottom:10px;"">The Lyzr ADK (<code style=""background-color:#f3f4f6; color:#d97706; padding:2px 6px; border-radius:4px; font-family:monospace; font-weight:600;"">lyzr-agent-api</code>) provides developer-first abstractions for composing stateful agents, memory stores, and custom tools.</p>

<p style=""color:#374151; line-height:1.6; margin-top:6px; margin-bottom:10px;"">Key Code Constructs:</p>
<ul style=""margin-top:6px; margin-bottom:12px; padding-left:24px;"">
  <li style=""margin-bottom:4px; color:#374151;""><b><code style=""background-color:#f3f4f6; color:#d97706; padding:2px 6px; border-radius:4px; font-family:monospace; font-weight:600;"">Agent</code> Class:</b> Core class for initializing agents with system prompts and model parameters.</li>
  <li style=""margin-bottom:4px; color:#374151;""><b>Provider Interchangeability:</b> Easily switch between <code style=""background-color:#f3f4f6; color:#d97706; padding:2px 6px; border-radius:4px; font-family:monospace; font-weight:600;"">OpenAI</code>, <code style=""background-color:#f3f4f6; color:#d97706; padding:2px 6px; border-radius:4px; font-family:monospace; font-weight:600;"">Anthropic</code>, <code style=""background-color:#f3f4f6; color:#d97706; padding:2px 6px; border-radius:4px; font-family:monospace; font-weight:600;"">Gemini</code>, or local Ollama endpoints.</li>
  <li style=""margin-bottom:4px; color:#374151;""><b>Structured Output:</b> Enforce strict JSON output schemas using Pydantic models.</li>
</ul>

<h2 style=""color:#111827; font-weight:700; font-size:18px; margin-top:20px; margin-bottom:8px; border-bottom:2px solid #e5e7eb; padding-bottom:4px;"">🛠️ Step-by-Step Implementation Guide</h2>
<p style=""color:#374151; line-height:1.6; margin-top:6px; margin-bottom:10px;"">1. <b>Install Lyzr SDK:</b></p>
   <pre style=""background-color:#1e1e2e; color:#f8f8f2; padding:14px; border-radius:6px; font-family:monospace; overflow-x:auto; line-height:1.4;""><code>pip install lyzr-agent-api</code></pre>
<p style=""color:#374151; line-height:1.6; margin-top:6px; margin-bottom:10px;"">2. <b>Initialize Agent:</b></p>
   <pre style=""background-color:#1e1e2e; color:#f8f8f2; padding:14px; border-radius:6px; font-family:monospace; overflow-x:auto; line-height:1.4;""><code>from lyzr_agent_api import Agent, Environment
   
<p style=""color:#374151; line-height:1.6; margin-top:6px; margin-bottom:10px;"">agent = Agent(</p>
<p style=""color:#374151; line-height:1.6; margin-top:6px; margin-bottom:10px;"">name=""Project: Multi-Provider Chatbot Agent"",</p>
<p style=""color:#374151; line-height:1.6; margin-top:6px; margin-bottom:10px;"">instructions=""You are an expert technical assistant."",</p>
<p style=""color:#374151; line-height:1.6; margin-top:6px; margin-bottom:10px;"">model=""gpt-4o""</p>
<p style=""color:#374151; line-height:1.6; margin-top:6px; margin-bottom:10px;"">)</code></pre></p>
<p style=""color:#374151; line-height:1.6; margin-top:6px; margin-bottom:10px;"">3. <b>Run Query & Stream Response:</b></p>
   <pre style=""background-color:#1e1e2e; color:#f8f8f2; padding:14px; border-radius:6px; font-family:monospace; overflow-x:auto; line-height:1.4;""><code>response = agent.run(user_prompt=""Explain execution traces."")
<p style=""color:#374151; line-height:1.6; margin-top:6px; margin-bottom:10px;"">print(response)</code></pre></p>

<h2 style=""color:#111827; font-weight:700; font-size:18px; margin-top:20px; margin-bottom:8px; border-bottom:2px solid #e5e7eb; padding-bottom:4px;"">💡 Key Takeaways</h2>
<ul style=""margin-top:6px; margin-bottom:12px; padding-left:24px;"">
  <li style=""margin-bottom:4px; color:#374151;"">The ADK Python SDK enables full programmatic control over agent memory, tools, and execution traces.</li>
  <li style=""margin-bottom:4px; color:#374151;"">Structured outputs ensure seamless integration into existing REST APIs and microservices.</li>
</ul>",https://share.descript.com/view/QahGYAZPvu7,C03_CH01_L06_project_multi_provider_chatbot.mp4,Today the first capstone. I not introducing anything new. We just going to build a thing. The last three videos we pointing at two agents a chat loop and by the end of the video you got a working chat bot that you can extend however you want. Same setup as the rest of the series. Install load. The API key spin up studio. here the shape user type something. First agent is the classifier structured output from video five. It looks at the message and returns a type decision. What kind of request is this and which provider should handle it? Second agent is the responder provider swapping from video three. Streaming from video four. It gets instantiated fresh with whichever provider the classifier picked and streams the answer back. Why two agents? Because routing is a different job than answering classification needs a predictable typed output perfect fit for response under score. Model answering Needs a conversational stream. Response. Perfect fit for stream equals true. One agent. Trying to do both would be worse at both. This is a pattern you reach for a lot once you building real systems. Small specialized agents beat one big one classifier first den model for the decision shape. Four intents four providers one-to-one today for clarity but you can make this many to many later. The reason field is there so we can see what the classifier was thinking. Den field description steers the model to keep it to one sentence. Instructions are the routing table in plan English. I hard coding my opinion about which provider fits which intent. You tune this for your own use case creative intent. Claude. One sentence Reason exactly The shape we designed Responder is a function not a persistent agent because the provider changes per turn. We spin up a fresh agent every time. Cheap stateless create underscore agent is just a config call. Same streaming loop from video four stream equals true iterate break before printing on done print chunk content. Otherwise that break before print is the one to remember. The final chunk carries the full accumulated text so printing it duplicates the whole answer. The only new thing here is the provider parameter. That what makes the function a router target. Work standalone. Now let plug it into the classifier. The loop is short classify route stream. Three lines of real work. Classifier runs first returns a typed routing decision. I print the routing line so we can see the system reasoning. You hide this in production but for a demo it the interesting part. Then stream answer runs the responder with the picked provider. three different intents three different providers all handled by the same two agent system. Kyoto went creative. Claude merged short went factual GPT-4 oh. Urgent apology went truama and rock for speed. No branching logic in my code. The classifier decided all of it and look at the answer shapes. Kyoto came back as a full structured itinerary days headings tips merge. Sword came back as just the formula. The apology came back as a single sentence. Same instruction in the responder. Be direct. No preamble. Three different providers and each one trimmed itself to fit the question. Quick framework to take with you. This is a true agent
Lyzr for Technical Professionals,Chapter 02: Multimodal Agents,Image Generation Agents,"<h1 style=""color:#651a39; font-weight:700; font-size:24px; margin-top:0; margin-bottom:12px;"">Image Generation Agents</h1>

<h2 style=""color:#111827; font-weight:700; font-size:18px; margin-top:20px; margin-bottom:8px; border-bottom:2px solid #e5e7eb; padding-bottom:4px;"">🎯 Learning Objectives</h2>
<ul style=""margin-top:6px; margin-bottom:12px; padding-left:24px;"">
  <li style=""margin-bottom:4px; color:#374151;"">Build custom AI agent applications programmatically using the Lyzr ADK Python SDK.</li>
  <li style=""margin-bottom:4px; color:#374151;"">Manage LLM provider switching, streaming responses, and structured Pydantic outputs.</li>
  <li style=""margin-bottom:4px; color:#374151;"">Implement custom RAG pipelines, vector store retrievers, and function-calling tools.</li>
</ul>

<h2 style=""color:#111827; font-weight:700; font-size:18px; margin-top:20px; margin-bottom:8px; border-bottom:2px solid #e5e7eb; padding-bottom:4px;"">📚 Technical Reference & Code Architecture</h2>
<p style=""color:#374151; line-height:1.6; margin-top:6px; margin-bottom:10px;"">The Lyzr ADK (<code style=""background-color:#f3f4f6; color:#d97706; padding:2px 6px; border-radius:4px; font-family:monospace; font-weight:600;"">lyzr-agent-api</code>) provides developer-first abstractions for composing stateful agents, memory stores, and custom tools.</p>

<p style=""color:#374151; line-height:1.6; margin-top:6px; margin-bottom:10px;"">Key Code Constructs:</p>
<ul style=""margin-top:6px; margin-bottom:12px; padding-left:24px;"">
  <li style=""margin-bottom:4px; color:#374151;""><b><code style=""background-color:#f3f4f6; color:#d97706; padding:2px 6px; border-radius:4px; font-family:monospace; font-weight:600;"">Agent</code> Class:</b> Core class for initializing agents with system prompts and model parameters.</li>
  <li style=""margin-bottom:4px; color:#374151;""><b>Provider Interchangeability:</b> Easily switch between <code style=""background-color:#f3f4f6; color:#d97706; padding:2px 6px; border-radius:4px; font-family:monospace; font-weight:600;"">OpenAI</code>, <code style=""background-color:#f3f4f6; color:#d97706; padding:2px 6px; border-radius:4px; font-family:monospace; font-weight:600;"">Anthropic</code>, <code style=""background-color:#f3f4f6; color:#d97706; padding:2px 6px; border-radius:4px; font-family:monospace; font-weight:600;"">Gemini</code>, or local Ollama endpoints.</li>
  <li style=""margin-bottom:4px; color:#374151;""><b>Structured Output:</b> Enforce strict JSON output schemas using Pydantic models.</li>
</ul>

<h2 style=""color:#111827; font-weight:700; font-size:18px; margin-top:20px; margin-bottom:8px; border-bottom:2px solid #e5e7eb; padding-bottom:4px;"">🛠️ Step-by-Step Implementation Guide</h2>
<p style=""color:#374151; line-height:1.6; margin-top:6px; margin-bottom:10px;"">1. <b>Install Lyzr SDK:</b></p>
   <pre style=""background-color:#1e1e2e; color:#f8f8f2; padding:14px; border-radius:6px; font-family:monospace; overflow-x:auto; line-height:1.4;""><code>pip install lyzr-agent-api</code></pre>
<p style=""color:#374151; line-height:1.6; margin-top:6px; margin-bottom:10px;"">2. <b>Initialize Agent:</b></p>
   <pre style=""background-color:#1e1e2e; color:#f8f8f2; padding:14px; border-radius:6px; font-family:monospace; overflow-x:auto; line-height:1.4;""><code>from lyzr_agent_api import Agent, Environment
   
<p style=""color:#374151; line-height:1.6; margin-top:6px; margin-bottom:10px;"">agent = Agent(</p>
<p style=""color:#374151; line-height:1.6; margin-top:6px; margin-bottom:10px;"">name=""Image Generation Agents Agent"",</p>
<p style=""color:#374151; line-height:1.6; margin-top:6px; margin-bottom:10px;"">instructions=""You are an expert technical assistant."",</p>
<p style=""color:#374151; line-height:1.6; margin-top:6px; margin-bottom:10px;"">model=""gpt-4o""</p>
<p style=""color:#374151; line-height:1.6; margin-top:6px; margin-bottom:10px;"">)</code></pre></p>
<p style=""color:#374151; line-height:1.6; margin-top:6px; margin-bottom:10px;"">3. <b>Run Query & Stream Response:</b></p>
   <pre style=""background-color:#1e1e2e; color:#f8f8f2; padding:14px; border-radius:6px; font-family:monospace; overflow-x:auto; line-height:1.4;""><code>response = agent.run(user_prompt=""Explain execution traces."")
<p style=""color:#374151; line-height:1.6; margin-top:6px; margin-bottom:10px;"">print(response)</code></pre></p>

<h2 style=""color:#111827; font-weight:700; font-size:18px; margin-top:20px; margin-bottom:8px; border-bottom:2px solid #e5e7eb; padding-bottom:4px;"">💡 Key Takeaways</h2>
<ul style=""margin-top:6px; margin-bottom:12px; padding-left:24px;"">
  <li style=""margin-bottom:4px; color:#374151;"">The ADK Python SDK enables full programmatic control over agent memory, tools, and execution traces.</li>
  <li style=""margin-bottom:4px; color:#374151;"">Structured outputs ensure seamless integration into existing REST APIs and microservices.</li>
</ul>",https://share.descript.com/view/ZbJKEPBji0H,C03_CH02_L01_image_generation_agents.mp4,Today the agent stops returning text and starts returning images. One extra parameter on create underscore agent image underscore model and the same agent do Ron call. We been using Comes back with a file different artifact same shape same setup as the rest of the series. Install pinch is 0.1 0.9 below the API key spin up studio. Here the change. Two new lines. Import dolly from Lyzr dot image models. Add image model equals dolly do dolly three to create agent. Everything else is the same agent shape you already know. One thing to call out the provider here is the LLM that orchestrates the request not the image model. DPT five Mini does the lightweight job of taking the user words and shaping them into something the image model wants. The actual rendering is image underscore model job so you can pair a cheap orchestrator with an expensive renderer or vice versa depending on where you want quality to live. Available image models currently include Dolly three Dolly 2D PT Image one 2D PT Image 1.5 Gemini Pro Gemini Flesh now we run it. Same agent Ron you used in every video so far the difference is the response. Response Dot has files tells you whether the run produced artifacts and response dot files is the list. Each artifact has a format underscore type image document audio a name and a.download path method that drops it on the disc. The safe underscore file name helper from the setup cell builds a clean safe path and I do display do image then renders the file in line Image saved displays in line. That is a nice render. Weathered brass compass. Dead center paper map underneath Warm dramatic lighting. But notice something I told the agents stay literal and it embellished anyway. The map under the compass isn a real cardiographic map. It painted stylized decorative continents. The whole composition is illustrative almost cinematic three leans toward art when given any room to do so. The instruction is there but it doesn always stick. One more thing worth showing you don need a new agent to switch image models. There agent. Do set image model on the existing agent. Same agent different renderer. Same prompt same orchestrator different render Gemini Pro. Under the hood is Gemini three Pro image preview. Google newest image model Dolly. Three is open ai. Two different training regimes. Two different aesthetics same prompt completely different image. Where Dolly gave us an illustration Gemini gave as a photograph. Look at the map underneath. That a Rio Choreographic print. You can read North America Gulf of Mexico City Names and the Compass has actual cardinal letters. Northeast Southwest lighting is even and daylight flat much closer to the actual top down and the stay literal instruction landed. This time Gemini went with the most literal interpretation possible. A real compass on a real map. Photographed from above different training different aesthetic. Neither is right or wrong. They useful for different jobs. Reach for Dolly when you want art direction baked in. Reach for Gemini when you want the model to translate words to image without adding a layer of style on top and quick guide so you don have to memorize the catalog. Dali three
Lyzr for Technical Professionals,Chapter 02: Multimodal Agents,File Generation Agents,"<h1 style=""color:#651a39; font-weight:700; font-size:24px; margin-top:0; margin-bottom:12px;"">File Generation Agents</h1>

<h2 style=""color:#111827; font-weight:700; font-size:18px; margin-top:20px; margin-bottom:8px; border-bottom:2px solid #e5e7eb; padding-bottom:4px;"">🎯 Learning Objectives</h2>
<ul style=""margin-top:6px; margin-bottom:12px; padding-left:24px;"">
  <li style=""margin-bottom:4px; color:#374151;"">Build custom AI agent applications programmatically using the Lyzr ADK Python SDK.</li>
  <li style=""margin-bottom:4px; color:#374151;"">Manage LLM provider switching, streaming responses, and structured Pydantic outputs.</li>
  <li style=""margin-bottom:4px; color:#374151;"">Implement custom RAG pipelines, vector store retrievers, and function-calling tools.</li>
</ul>

<h2 style=""color:#111827; font-weight:700; font-size:18px; margin-top:20px; margin-bottom:8px; border-bottom:2px solid #e5e7eb; padding-bottom:4px;"">📚 Technical Reference & Code Architecture</h2>
<p style=""color:#374151; line-height:1.6; margin-top:6px; margin-bottom:10px;"">The Lyzr ADK (<code style=""background-color:#f3f4f6; color:#d97706; padding:2px 6px; border-radius:4px; font-family:monospace; font-weight:600;"">lyzr-agent-api</code>) provides developer-first abstractions for composing stateful agents, memory stores, and custom tools.</p>

<p style=""color:#374151; line-height:1.6; margin-top:6px; margin-bottom:10px;"">Key Code Constructs:</p>
<ul style=""margin-top:6px; margin-bottom:12px; padding-left:24px;"">
  <li style=""margin-bottom:4px; color:#374151;""><b><code style=""background-color:#f3f4f6; color:#d97706; padding:2px 6px; border-radius:4px; font-family:monospace; font-weight:600;"">Agent</code> Class:</b> Core class for initializing agents with system prompts and model parameters.</li>
  <li style=""margin-bottom:4px; color:#374151;""><b>Provider Interchangeability:</b> Easily switch between <code style=""background-color:#f3f4f6; color:#d97706; padding:2px 6px; border-radius:4px; font-family:monospace; font-weight:600;"">OpenAI</code>, <code style=""background-color:#f3f4f6; color:#d97706; padding:2px 6px; border-radius:4px; font-family:monospace; font-weight:600;"">Anthropic</code>, <code style=""background-color:#f3f4f6; color:#d97706; padding:2px 6px; border-radius:4px; font-family:monospace; font-weight:600;"">Gemini</code>, or local Ollama endpoints.</li>
  <li style=""margin-bottom:4px; color:#374151;""><b>Structured Output:</b> Enforce strict JSON output schemas using Pydantic models.</li>
</ul>

<h2 style=""color:#111827; font-weight:700; font-size:18px; margin-top:20px; margin-bottom:8px; border-bottom:2px solid #e5e7eb; padding-bottom:4px;"">🛠️ Step-by-Step Implementation Guide</h2>
<p style=""color:#374151; line-height:1.6; margin-top:6px; margin-bottom:10px;"">1. <b>Install Lyzr SDK:</b></p>
   <pre style=""background-color:#1e1e2e; color:#f8f8f2; padding:14px; border-radius:6px; font-family:monospace; overflow-x:auto; line-height:1.4;""><code>pip install lyzr-agent-api</code></pre>
<p style=""color:#374151; line-height:1.6; margin-top:6px; margin-bottom:10px;"">2. <b>Initialize Agent:</b></p>
   <pre style=""background-color:#1e1e2e; color:#f8f8f2; padding:14px; border-radius:6px; font-family:monospace; overflow-x:auto; line-height:1.4;""><code>from lyzr_agent_api import Agent, Environment
   
<p style=""color:#374151; line-height:1.6; margin-top:6px; margin-bottom:10px;"">agent = Agent(</p>
<p style=""color:#374151; line-height:1.6; margin-top:6px; margin-bottom:10px;"">name=""File Generation Agents Agent"",</p>
<p style=""color:#374151; line-height:1.6; margin-top:6px; margin-bottom:10px;"">instructions=""You are an expert technical assistant."",</p>
<p style=""color:#374151; line-height:1.6; margin-top:6px; margin-bottom:10px;"">model=""gpt-4o""</p>
<p style=""color:#374151; line-height:1.6; margin-top:6px; margin-bottom:10px;"">)</code></pre></p>
<p style=""color:#374151; line-height:1.6; margin-top:6px; margin-bottom:10px;"">3. <b>Run Query & Stream Response:</b></p>
   <pre style=""background-color:#1e1e2e; color:#f8f8f2; padding:14px; border-radius:6px; font-family:monospace; overflow-x:auto; line-height:1.4;""><code>response = agent.run(user_prompt=""Explain execution traces."")
<p style=""color:#374151; line-height:1.6; margin-top:6px; margin-bottom:10px;"">print(response)</code></pre></p>

<h2 style=""color:#111827; font-weight:700; font-size:18px; margin-top:20px; margin-bottom:8px; border-bottom:2px solid #e5e7eb; padding-bottom:4px;"">💡 Key Takeaways</h2>
<ul style=""margin-top:6px; margin-bottom:12px; padding-left:24px;"">
  <li style=""margin-bottom:4px; color:#374151;"">The ADK Python SDK enables full programmatic control over agent memory, tools, and execution traces.</li>
  <li style=""margin-bottom:4px; color:#374151;"">Structured outputs ensure seamless integration into existing REST APIs and microservices.</li>
</ul>",https://share.descript.com/view/G3LX75UbRQP,C03_CH02_L02_file_generation_agents.mp4,Less video. The agent returned an image. Today it returns a document. Same agent. Do run call same response shape just a different artifact type. P D F csv docx whatever you ask for. First run a PDF report. I asking for something with structure headings a few paragraphs. A number section format. Clause is A PDF at the end of the prompt. Same artifact retrieval pattern as video seven. It response dot has files to check response dot files to iterate and artifact. Download path to right to disc the artifact also has dot format type so you can tell document from image from audio if you got an agent that produces multiple kinds. PDF saved opens cleanly and look what the model did with it. I asked for revenue highlights top three wins and one risk. It gave me all of that and elaborated past the brief. It invented a fictional company called Apex Flow Open with an executive snapshot and layered in sales efficiency metrics. CAC payback pipeline coverage. Retention numbers Three named WINS with deal type A-R-R-T-C-V and why we want rationale in each across financial services healthcare and manufacturing. The risk section came with mitigation actions and it closes with a forward looking outlook section. The numbers are AI generated in this case so don trust the dollars but the shape this could pass for a real internal sales QBR at any each stage. SaaS company headings hierarchy bullets the right metrics in the right places one prompt one parameter. now the same agent different format prompt asks for tabular data and the form clause become as a CSV. Same shape different format five roles five columns. Every cell populated status values cover the full spread open in progress resolved on hold. Closed priority hits high medium low critical Tabular data is where this is the most reliable because the schema is rigid. The model has fewer ways to drift when you towed it. Five columns and five roles Two formats same agent same. File. Output equals true. The format is a property of the request not a property of the agent. That means the same agent can generate a PDF on one call and a Excel file on the next without recreating it. One parameter multiple formats. Same artifact retrieval pattern as the image generation video file output equals true flips the agent into document mode. The format clause in your prompt picks the type and response to that files is how you get the bites out. Next video is the second capstone creative assistant. We take image generation from video seven file generation from this one and builds an agent that produces a marketing one pager image. Copy PDF all from a single prompt. I Felipe with Lyzr Until next time.
Lyzr for Technical Professionals,Chapter 02: Multimodal Agents,Project: Creative Assistant,"<h1 style=""color:#651a39; font-weight:700; font-size:24px; margin-top:0; margin-bottom:12px;"">Project: Creative Assistant</h1>

<h2 style=""color:#111827; font-weight:700; font-size:18px; margin-top:20px; margin-bottom:8px; border-bottom:2px solid #e5e7eb; padding-bottom:4px;"">🎯 Learning Objectives</h2>
<ul style=""margin-top:6px; margin-bottom:12px; padding-left:24px;"">
  <li style=""margin-bottom:4px; color:#374151;"">Build custom AI agent applications programmatically using the Lyzr ADK Python SDK.</li>
  <li style=""margin-bottom:4px; color:#374151;"">Manage LLM provider switching, streaming responses, and structured Pydantic outputs.</li>
  <li style=""margin-bottom:4px; color:#374151;"">Implement custom RAG pipelines, vector store retrievers, and function-calling tools.</li>
</ul>

<h2 style=""color:#111827; font-weight:700; font-size:18px; margin-top:20px; margin-bottom:8px; border-bottom:2px solid #e5e7eb; padding-bottom:4px;"">📚 Technical Reference & Code Architecture</h2>
<p style=""color:#374151; line-height:1.6; margin-top:6px; margin-bottom:10px;"">The Lyzr ADK (<code style=""background-color:#f3f4f6; color:#d97706; padding:2px 6px; border-radius:4px; font-family:monospace; font-weight:600;"">lyzr-agent-api</code>) provides developer-first abstractions for composing stateful agents, memory stores, and custom tools.</p>

<p style=""color:#374151; line-height:1.6; margin-top:6px; margin-bottom:10px;"">Key Code Constructs:</p>
<ul style=""margin-top:6px; margin-bottom:12px; padding-left:24px;"">
  <li style=""margin-bottom:4px; color:#374151;""><b><code style=""background-color:#f3f4f6; color:#d97706; padding:2px 6px; border-radius:4px; font-family:monospace; font-weight:600;"">Agent</code> Class:</b> Core class for initializing agents with system prompts and model parameters.</li>
  <li style=""margin-bottom:4px; color:#374151;""><b>Provider Interchangeability:</b> Easily switch between <code style=""background-color:#f3f4f6; color:#d97706; padding:2px 6px; border-radius:4px; font-family:monospace; font-weight:600;"">OpenAI</code>, <code style=""background-color:#f3f4f6; color:#d97706; padding:2px 6px; border-radius:4px; font-family:monospace; font-weight:600;"">Anthropic</code>, <code style=""background-color:#f3f4f6; color:#d97706; padding:2px 6px; border-radius:4px; font-family:monospace; font-weight:600;"">Gemini</code>, or local Ollama endpoints.</li>
  <li style=""margin-bottom:4px; color:#374151;""><b>Structured Output:</b> Enforce strict JSON output schemas using Pydantic models.</li>
</ul>

<h2 style=""color:#111827; font-weight:700; font-size:18px; margin-top:20px; margin-bottom:8px; border-bottom:2px solid #e5e7eb; padding-bottom:4px;"">🛠️ Step-by-Step Implementation Guide</h2>
<p style=""color:#374151; line-height:1.6; margin-top:6px; margin-bottom:10px;"">1. <b>Install Lyzr SDK:</b></p>
   <pre style=""background-color:#1e1e2e; color:#f8f8f2; padding:14px; border-radius:6px; font-family:monospace; overflow-x:auto; line-height:1.4;""><code>pip install lyzr-agent-api</code></pre>
<p style=""color:#374151; line-height:1.6; margin-top:6px; margin-bottom:10px;"">2. <b>Initialize Agent:</b></p>
   <pre style=""background-color:#1e1e2e; color:#f8f8f2; padding:14px; border-radius:6px; font-family:monospace; overflow-x:auto; line-height:1.4;""><code>from lyzr_agent_api import Agent, Environment
   
<p style=""color:#374151; line-height:1.6; margin-top:6px; margin-bottom:10px;"">agent = Agent(</p>
<p style=""color:#374151; line-height:1.6; margin-top:6px; margin-bottom:10px;"">name=""Project: Creative Assistant Agent"",</p>
<p style=""color:#374151; line-height:1.6; margin-top:6px; margin-bottom:10px;"">instructions=""You are an expert technical assistant."",</p>
<p style=""color:#374151; line-height:1.6; margin-top:6px; margin-bottom:10px;"">model=""gpt-4o""</p>
<p style=""color:#374151; line-height:1.6; margin-top:6px; margin-bottom:10px;"">)</code></pre></p>
<p style=""color:#374151; line-height:1.6; margin-top:6px; margin-bottom:10px;"">3. <b>Run Query & Stream Response:</b></p>
   <pre style=""background-color:#1e1e2e; color:#f8f8f2; padding:14px; border-radius:6px; font-family:monospace; overflow-x:auto; line-height:1.4;""><code>response = agent.run(user_prompt=""Explain execution traces."")
<p style=""color:#374151; line-height:1.6; margin-top:6px; margin-bottom:10px;"">print(response)</code></pre></p>

<h2 style=""color:#111827; font-weight:700; font-size:18px; margin-top:20px; margin-bottom:8px; border-bottom:2px solid #e5e7eb; padding-bottom:4px;"">💡 Key Takeaways</h2>
<ul style=""margin-top:6px; margin-bottom:12px; padding-left:24px;"">
  <li style=""margin-bottom:4px; color:#374151;"">The ADK Python SDK enables full programmatic control over agent memory, tools, and execution traces.</li>
  <li style=""margin-bottom:4px; color:#374151;"">Structured outputs ensure seamless integration into existing REST APIs and microservices.</li>
</ul>",https://share.descript.com/view/6fGAFVIZbaz,C03_CH02_L03_project_creative_assistant.mp4,One sentence in two artifacts out. Hero image and a marketing PDF both built by three agents working in sequence. That a creative assistant and today we going to build it. This is the second SDK capstone. Three agents one orchestrator no new APIs. Everything we use today comes from videos five seven and eight: structured outputs image generation and file generation. Today we wire them together into something that ships. Same setup as the rest of the series: install load the API key spin up Studio. Here the shape. User gives us a one-line product description. First agent is the brief agent structured output from video five. It returns a typed creative brief: name headline key benefits visual concept. That brief feeds the next two agents Second agent is the image agent from video seven. It reads the visual concept of the brief and generates a hero PNG. Third agent is the doc agent from video eight. It reads the rest of the brief name headline benefits and generates a marketing PDF with copy. Three specialized agents one orchestrator two artifacts. Call this pattern plan then fan out. The planning step makes the brief. The fan out runs image and doc against the same plan. Each agent has one job. Brief agent first. Pydantic model defines the shape of the brief. Four fields: the visual concepts description does most of the heavy lifting here. Field descriptions are passed to the model as part of the schemas which means the brief agent reads this and writes its visual concepts to match. Specifically no screenshots no UI no laptop screens for software product. Image models will fail at those every time. Instead the agent has to describe a metaphor or scene that evokes the product. Flagship model GPT 5.2. The brief agent does real creative thinking so he gets the heavy lifter. Response underscore model is set to creative brief which means agent.run returns the typed instance directly. No .response to unwrap there the brief. All four fields filled: product name headline three benefits and a visual concept that reads like an actual photo brief. Subject lighting composition style. Exactly the shape we asked for it in the field description. Structured outputs doing the job. Image agent next. Same pattern as video seven image underscore model parameter. We using Gemini latest Nano Banana model this time Gemini Pro under the hood is Gemini 3 Pro image preview branded as Nano Banana Pro Google flagship image renderer. Notice the provider shift. Brief agent got GPT 5.2 because it doing creative reasoning. Image agent gets GPT 5 Mini. Its only
Lyzr for Technical Professionals,Chapter 03: RAG & Memory,Technical RAG Fundamentals,"<h1 style=""color:#651a39; font-weight:700; font-size:24px; margin-top:0; margin-bottom:12px;"">Technical RAG Fundamentals</h1>

<h2 style=""color:#111827; font-weight:700; font-size:18px; margin-top:20px; margin-bottom:8px; border-bottom:2px solid #e5e7eb; padding-bottom:4px;"">🎯 Learning Objectives</h2>
<ul style=""margin-top:6px; margin-bottom:12px; padding-left:24px;"">
  <li style=""margin-bottom:4px; color:#374151;"">Build custom AI agent applications programmatically using the Lyzr ADK Python SDK.</li>
  <li style=""margin-bottom:4px; color:#374151;"">Manage LLM provider switching, streaming responses, and structured Pydantic outputs.</li>
  <li style=""margin-bottom:4px; color:#374151;"">Implement custom RAG pipelines, vector store retrievers, and function-calling tools.</li>
</ul>

<h2 style=""color:#111827; font-weight:700; font-size:18px; margin-top:20px; margin-bottom:8px; border-bottom:2px solid #e5e7eb; padding-bottom:4px;"">📚 Technical Reference & Code Architecture</h2>
<p style=""color:#374151; line-height:1.6; margin-top:6px; margin-bottom:10px;"">The Lyzr ADK (<code style=""background-color:#f3f4f6; color:#d97706; padding:2px 6px; border-radius:4px; font-family:monospace; font-weight:600;"">lyzr-agent-api</code>) provides developer-first abstractions for composing stateful agents, memory stores, and custom tools.</p>

<p style=""color:#374151; line-height:1.6; margin-top:6px; margin-bottom:10px;"">Key Code Constructs:</p>
<ul style=""margin-top:6px; margin-bottom:12px; padding-left:24px;"">
  <li style=""margin-bottom:4px; color:#374151;""><b><code style=""background-color:#f3f4f6; color:#d97706; padding:2px 6px; border-radius:4px; font-family:monospace; font-weight:600;"">Agent</code> Class:</b> Core class for initializing agents with system prompts and model parameters.</li>
  <li style=""margin-bottom:4px; color:#374151;""><b>Provider Interchangeability:</b> Easily switch between <code style=""background-color:#f3f4f6; color:#d97706; padding:2px 6px; border-radius:4px; font-family:monospace; font-weight:600;"">OpenAI</code>, <code style=""background-color:#f3f4f6; color:#d97706; padding:2px 6px; border-radius:4px; font-family:monospace; font-weight:600;"">Anthropic</code>, <code style=""background-color:#f3f4f6; color:#d97706; padding:2px 6px; border-radius:4px; font-family:monospace; font-weight:600;"">Gemini</code>, or local Ollama endpoints.</li>
  <li style=""margin-bottom:4px; color:#374151;""><b>Structured Output:</b> Enforce strict JSON output schemas using Pydantic models.</li>
</ul>

<h2 style=""color:#111827; font-weight:700; font-size:18px; margin-top:20px; margin-bottom:8px; border-bottom:2px solid #e5e7eb; padding-bottom:4px;"">🛠️ Step-by-Step Implementation Guide</h2>
<p style=""color:#374151; line-height:1.6; margin-top:6px; margin-bottom:10px;"">1. <b>Install Lyzr SDK:</b></p>
   <pre style=""background-color:#1e1e2e; color:#f8f8f2; padding:14px; border-radius:6px; font-family:monospace; overflow-x:auto; line-height:1.4;""><code>pip install lyzr-agent-api</code></pre>
<p style=""color:#374151; line-height:1.6; margin-top:6px; margin-bottom:10px;"">2. <b>Initialize Agent:</b></p>
   <pre style=""background-color:#1e1e2e; color:#f8f8f2; padding:14px; border-radius:6px; font-family:monospace; overflow-x:auto; line-height:1.4;""><code>from lyzr_agent_api import Agent, Environment
   
<p style=""color:#374151; line-height:1.6; margin-top:6px; margin-bottom:10px;"">agent = Agent(</p>
<p style=""color:#374151; line-height:1.6; margin-top:6px; margin-bottom:10px;"">name=""Technical RAG Fundamentals Agent"",</p>
<p style=""color:#374151; line-height:1.6; margin-top:6px; margin-bottom:10px;"">instructions=""You are an expert technical assistant."",</p>
<p style=""color:#374151; line-height:1.6; margin-top:6px; margin-bottom:10px;"">model=""gpt-4o""</p>
<p style=""color:#374151; line-height:1.6; margin-top:6px; margin-bottom:10px;"">)</code></pre></p>
<p style=""color:#374151; line-height:1.6; margin-top:6px; margin-bottom:10px;"">3. <b>Run Query & Stream Response:</b></p>
   <pre style=""background-color:#1e1e2e; color:#f8f8f2; padding:14px; border-radius:6px; font-family:monospace; overflow-x:auto; line-height:1.4;""><code>response = agent.run(user_prompt=""Explain execution traces."")
<p style=""color:#374151; line-height:1.6; margin-top:6px; margin-bottom:10px;"">print(response)</code></pre></p>

<h2 style=""color:#111827; font-weight:700; font-size:18px; margin-top:20px; margin-bottom:8px; border-bottom:2px solid #e5e7eb; padding-bottom:4px;"">💡 Key Takeaways</h2>
<ul style=""margin-top:6px; margin-bottom:12px; padding-left:24px;"">
  <li style=""margin-bottom:4px; color:#374151;"">The ADK Python SDK enables full programmatic control over agent memory, tools, and execution traces.</li>
  <li style=""margin-bottom:4px; color:#374151;"">Structured outputs ensure seamless integration into existing REST APIs and microservices.</li>
</ul>",https://share.descript.com/view/YjB4kflZeOi,C03_CH03_L01_technical_rag_fundamentals.mp4,Today we add RAG to an agent. Three lines of new code and the agent stops guessing about your documents and starts quoting them. We do the before after and then talk about when this is the right tool and when it isn Same setup as the rest of the series. Pin the SDK load the API key spin up Studio. Single cell customer support role for a fictional B2B SaaS platform called VeriStack. I made the name up so the model has zero training data on it which means we get a clean view of what the agent does without context. The question is right there at the top of the cell. VeriStack workspace needs SSO with Okta. What are the steps? Critical bit in the instructions. I telling the agent to only answer from documentation provided in context and to refuse with a fixed phrase otherwise. Without this the model will pattern match from some generic setup docs and ship a confident guess. That the failure mode this video is trying to surface. Strict instructions force the gap to be visible. There it is. The refusal phrase word for word from the instructions. Clean predictable exactly what you want from an enterprise support bot when the source isn reachable. Better than a confident hallucination every day But this isn useful to the customer yet. That where RAG comes in. Now the fix. Three steps: create a knowledge base add a document to it pass it to agent.run and that the whole RAG flow. Step one let create the knowledge base. Defaults handle the rest. Vector store is Qdrant. Embedding model is OpenAI text-embedding-three-large and the knowledge base lives in your Elijah account so it persists across runs. We go deeper on those choices in video twelve. Step two add the doc. I using add_text here so we don need a file on disk. The SDK also has add_PDF _DOCX _text and website. Those are in video eleven. Behind the scenes the SDK chunked that text embedded each chunk into a vector and stored everything in Qdrant none of which we wrote any code for. That the value. Step three pass the knowledge base into agent.run with knowledge_bases equals knowledge base. Same agent same question variable from the previous cell. The only thing that changes is the knowledge base attachment. One important detail. The knowledge base is attached at runtime not at agent creation. This means that the same agent can answer with different knowledge bases on different calls. Useful when you got a routing layer in front of it look at that. Same agent same question same model. Only the knowledge base attachment changed. The agent pulled the admin settings path straight out of the doc. It named the specific OKTA fields single sign-on URL and audience URI. All of that came from the snippet we ingested a few seconds ago. None of that was present in its training data. One more thing worth noticing. The agent didn just retrieve. It structured the retrieved facts into a numbered walkthrough broke the steps out by location separated the Verisec side from the OKTA side. That the LLM still adding value on top of RAG. The retrieval gives it grounded facts the model gives it shape. Quick guide so you
Lyzr for Technical Professionals,Chapter 03: RAG & Memory,Document Ingestion Pipelines,"<h1 style=""color:#651a39; font-weight:700; font-size:24px; margin-top:0; margin-bottom:12px;"">Document Ingestion Pipelines</h1>

<h2 style=""color:#111827; font-weight:700; font-size:18px; margin-top:20px; margin-bottom:8px; border-bottom:2px solid #e5e7eb; padding-bottom:4px;"">🎯 Learning Objectives</h2>
<ul style=""margin-top:6px; margin-bottom:12px; padding-left:24px;"">
  <li style=""margin-bottom:4px; color:#374151;"">Build custom AI agent applications programmatically using the Lyzr ADK Python SDK.</li>
  <li style=""margin-bottom:4px; color:#374151;"">Manage LLM provider switching, streaming responses, and structured Pydantic outputs.</li>
  <li style=""margin-bottom:4px; color:#374151;"">Implement custom RAG pipelines, vector store retrievers, and function-calling tools.</li>
</ul>

<h2 style=""color:#111827; font-weight:700; font-size:18px; margin-top:20px; margin-bottom:8px; border-bottom:2px solid #e5e7eb; padding-bottom:4px;"">📚 Technical Reference & Code Architecture</h2>
<p style=""color:#374151; line-height:1.6; margin-top:6px; margin-bottom:10px;"">The Lyzr ADK (<code style=""background-color:#f3f4f6; color:#d97706; padding:2px 6px; border-radius:4px; font-family:monospace; font-weight:600;"">lyzr-agent-api</code>) provides developer-first abstractions for composing stateful agents, memory stores, and custom tools.</p>

<p style=""color:#374151; line-height:1.6; margin-top:6px; margin-bottom:10px;"">Key Code Constructs:</p>
<ul style=""margin-top:6px; margin-bottom:12px; padding-left:24px;"">
  <li style=""margin-bottom:4px; color:#374151;""><b><code style=""background-color:#f3f4f6; color:#d97706; padding:2px 6px; border-radius:4px; font-family:monospace; font-weight:600;"">Agent</code> Class:</b> Core class for initializing agents with system prompts and model parameters.</li>
  <li style=""margin-bottom:4px; color:#374151;""><b>Provider Interchangeability:</b> Easily switch between <code style=""background-color:#f3f4f6; color:#d97706; padding:2px 6px; border-radius:4px; font-family:monospace; font-weight:600;"">OpenAI</code>, <code style=""background-color:#f3f4f6; color:#d97706; padding:2px 6px; border-radius:4px; font-family:monospace; font-weight:600;"">Anthropic</code>, <code style=""background-color:#f3f4f6; color:#d97706; padding:2px 6px; border-radius:4px; font-family:monospace; font-weight:600;"">Gemini</code>, or local Ollama endpoints.</li>
  <li style=""margin-bottom:4px; color:#374151;""><b>Structured Output:</b> Enforce strict JSON output schemas using Pydantic models.</li>
</ul>

<h2 style=""color:#111827; font-weight:700; font-size:18px; margin-top:20px; margin-bottom:8px; border-bottom:2px solid #e5e7eb; padding-bottom:4px;"">🛠️ Step-by-Step Implementation Guide</h2>
<p style=""color:#374151; line-height:1.6; margin-top:6px; margin-bottom:10px;"">1. <b>Install Lyzr SDK:</b></p>
   <pre style=""background-color:#1e1e2e; color:#f8f8f2; padding:14px; border-radius:6px; font-family:monospace; overflow-x:auto; line-height:1.4;""><code>pip install lyzr-agent-api</code></pre>
<p style=""color:#374151; line-height:1.6; margin-top:6px; margin-bottom:10px;"">2. <b>Initialize Agent:</b></p>
   <pre style=""background-color:#1e1e2e; color:#f8f8f2; padding:14px; border-radius:6px; font-family:monospace; overflow-x:auto; line-height:1.4;""><code>from lyzr_agent_api import Agent, Environment
   
<p style=""color:#374151; line-height:1.6; margin-top:6px; margin-bottom:10px;"">agent = Agent(</p>
<p style=""color:#374151; line-height:1.6; margin-top:6px; margin-bottom:10px;"">name=""Document Ingestion Pipelines Agent"",</p>
<p style=""color:#374151; line-height:1.6; margin-top:6px; margin-bottom:10px;"">instructions=""You are an expert technical assistant."",</p>
<p style=""color:#374151; line-height:1.6; margin-top:6px; margin-bottom:10px;"">model=""gpt-4o""</p>
<p style=""color:#374151; line-height:1.6; margin-top:6px; margin-bottom:10px;"">)</code></pre></p>
<p style=""color:#374151; line-height:1.6; margin-top:6px; margin-bottom:10px;"">3. <b>Run Query & Stream Response:</b></p>
   <pre style=""background-color:#1e1e2e; color:#f8f8f2; padding:14px; border-radius:6px; font-family:monospace; overflow-x:auto; line-height:1.4;""><code>response = agent.run(user_prompt=""Explain execution traces."")
<p style=""color:#374151; line-height:1.6; margin-top:6px; margin-bottom:10px;"">print(response)</code></pre></p>

<h2 style=""color:#111827; font-weight:700; font-size:18px; margin-top:20px; margin-bottom:8px; border-bottom:2px solid #e5e7eb; padding-bottom:4px;"">💡 Key Takeaways</h2>
<ul style=""margin-top:6px; margin-bottom:12px; padding-left:24px;"">
  <li style=""margin-bottom:4px; color:#374151;"">The ADK Python SDK enables full programmatic control over agent memory, tools, and execution traces.</li>
  <li style=""margin-bottom:4px; color:#374151;"">Structured outputs ensure seamless integration into existing REST APIs and microservices.</li>
</ul>",https://share.descript.com/view/lbzhEJ1MPYD,C03_CH03_L02_document_ingestion_pipelines.mp4,last video we ingested a hard-coded string. Today we move to real files PDFs Word docs websites what you actually have in production plus the chunking parameters you need to tune and three different PDF parsers depending on what you feeding in. Same setup one small addition. FPDF two lets us generate a sample PDF for this demo so the notebook is self-contained. In production you skip this and point at a PDF you already have. Quick scaffolding cell. We generating a fake Veristack admin handbook that our fake made-up company with four sections: SSO API rate limits data export and role-based access control. Multi-section content is what makes chunking meaningful. Treat this cell as a setup. Now the real work. Same shape as last video. Create a knowledge base add a doc run a query. Difference is the doc. Two parameters worth knowing about. Chunk size is how much text goes into each searchable chunk measured in tokens defaulting to a thousand and twenty-four. Bigger chunks mean more context per retrieval but lower precision. Smaller chunks mean more precise retrieval but more chunks to score. Thousand and twenty-four is a sensible default for most documents. Chunk overlap is how much consecutive chunks share defaulting to a hundred and twenty-eight. Some overlap is good. It stops you from cutting an important sentence in half across two chunks. Don tune these unless you have a reason. Same agent shape as Video Ten. Same strict refusal by default instructions. The agent only answers from documentation it can see. Different question this time heeding the data export section of the handbook. There it is. The agent quoted the admin settings data export path word for word from the handbook. Walked through the four item zip archive contacts JSON records member metadata attachment and schema manifest and pulled the specifics. even caught the audit logs all sourced from one chunk of the handbook we ingested ten seconds ago. Same pattern as last video. Retrieval gives the agent grounded facts. The model gives them shape. Numbered steps formatted lists the audit log footnote that structure came from the LLM not from the source. Quick aside on parsers. Add_pdf takes a data parser argument with three options. Default is llmsherpa which is layout aware. It reads the visual structure of the PDF preserves headings and tables and bullet hierarchies. Best for structured docs whitepapers manuals and reports. Second option is PyMuPDF. Fast text only. No layout awareness but minimal overhead. Reach for this when you got clean text-heavy documents such as legal contracts plain prose and you don need the visual structure. Third is laserparse multimodal. Uses DocLin plus a vision model under the hood. This is the one for visually complex documents technical drawings slide decks anything where the images and charts carry information that text alone can capture. Slower more expensive but it sees what others can The picking rule is simple. Layout-aware default for most things. Switch to PyMuPDF when you want speed on plain text and reach for laserparse when the visuals matter. That ingestion. Add underscore PDF with the two chunking parameters and three parser options to pick depending on what you feeding in. Next video vector stores and retrieval strategies. How to control what actually comes back
Lyzr for Technical Professionals,Chapter 03: RAG & Memory,Vector Stores & Custom Retrievers,"<h1 style=""color:#651a39; font-weight:700; font-size:24px; margin-top:0; margin-bottom:12px;"">Vector Stores & Custom Retrievers</h1>

<h2 style=""color:#111827; font-weight:700; font-size:18px; margin-top:20px; margin-bottom:8px; border-bottom:2px solid #e5e7eb; padding-bottom:4px;"">🎯 Learning Objectives</h2>
<ul style=""margin-top:6px; margin-bottom:12px; padding-left:24px;"">
  <li style=""margin-bottom:4px; color:#374151;"">Build custom AI agent applications programmatically using the Lyzr ADK Python SDK.</li>
  <li style=""margin-bottom:4px; color:#374151;"">Manage LLM provider switching, streaming responses, and structured Pydantic outputs.</li>
  <li style=""margin-bottom:4px; color:#374151;"">Implement custom RAG pipelines, vector store retrievers, and function-calling tools.</li>
</ul>

<h2 style=""color:#111827; font-weight:700; font-size:18px; margin-top:20px; margin-bottom:8px; border-bottom:2px solid #e5e7eb; padding-bottom:4px;"">📚 Technical Reference & Code Architecture</h2>
<p style=""color:#374151; line-height:1.6; margin-top:6px; margin-bottom:10px;"">The Lyzr ADK (<code style=""background-color:#f3f4f6; color:#d97706; padding:2px 6px; border-radius:4px; font-family:monospace; font-weight:600;"">lyzr-agent-api</code>) provides developer-first abstractions for composing stateful agents, memory stores, and custom tools.</p>

<p style=""color:#374151; line-height:1.6; margin-top:6px; margin-bottom:10px;"">Key Code Constructs:</p>
<ul style=""margin-top:6px; margin-bottom:12px; padding-left:24px;"">
  <li style=""margin-bottom:4px; color:#374151;""><b><code style=""background-color:#f3f4f6; color:#d97706; padding:2px 6px; border-radius:4px; font-family:monospace; font-weight:600;"">Agent</code> Class:</b> Core class for initializing agents with system prompts and model parameters.</li>
  <li style=""margin-bottom:4px; color:#374151;""><b>Provider Interchangeability:</b> Easily switch between <code style=""background-color:#f3f4f6; color:#d97706; padding:2px 6px; border-radius:4px; font-family:monospace; font-weight:600;"">OpenAI</code>, <code style=""background-color:#f3f4f6; color:#d97706; padding:2px 6px; border-radius:4px; font-family:monospace; font-weight:600;"">Anthropic</code>, <code style=""background-color:#f3f4f6; color:#d97706; padding:2px 6px; border-radius:4px; font-family:monospace; font-weight:600;"">Gemini</code>, or local Ollama endpoints.</li>
  <li style=""margin-bottom:4px; color:#374151;""><b>Structured Output:</b> Enforce strict JSON output schemas using Pydantic models.</li>
</ul>

<h2 style=""color:#111827; font-weight:700; font-size:18px; margin-top:20px; margin-bottom:8px; border-bottom:2px solid #e5e7eb; padding-bottom:4px;"">🛠️ Step-by-Step Implementation Guide</h2>
<p style=""color:#374151; line-height:1.6; margin-top:6px; margin-bottom:10px;"">1. <b>Install Lyzr SDK:</b></p>
   <pre style=""background-color:#1e1e2e; color:#f8f8f2; padding:14px; border-radius:6px; font-family:monospace; overflow-x:auto; line-height:1.4;""><code>pip install lyzr-agent-api</code></pre>
<p style=""color:#374151; line-height:1.6; margin-top:6px; margin-bottom:10px;"">2. <b>Initialize Agent:</b></p>
   <pre style=""background-color:#1e1e2e; color:#f8f8f2; padding:14px; border-radius:6px; font-family:monospace; overflow-x:auto; line-height:1.4;""><code>from lyzr_agent_api import Agent, Environment
   
<p style=""color:#374151; line-height:1.6; margin-top:6px; margin-bottom:10px;"">agent = Agent(</p>
<p style=""color:#374151; line-height:1.6; margin-top:6px; margin-bottom:10px;"">name=""Vector Stores &amp; Custom Retrievers Agent"",</p>
<p style=""color:#374151; line-height:1.6; margin-top:6px; margin-bottom:10px;"">instructions=""You are an expert technical assistant."",</p>
<p style=""color:#374151; line-height:1.6; margin-top:6px; margin-bottom:10px;"">model=""gpt-4o""</p>
<p style=""color:#374151; line-height:1.6; margin-top:6px; margin-bottom:10px;"">)</code></pre></p>
<p style=""color:#374151; line-height:1.6; margin-top:6px; margin-bottom:10px;"">3. <b>Run Query & Stream Response:</b></p>
   <pre style=""background-color:#1e1e2e; color:#f8f8f2; padding:14px; border-radius:6px; font-family:monospace; overflow-x:auto; line-height:1.4;""><code>response = agent.run(user_prompt=""Explain execution traces."")
<p style=""color:#374151; line-height:1.6; margin-top:6px; margin-bottom:10px;"">print(response)</code></pre></p>

<h2 style=""color:#111827; font-weight:700; font-size:18px; margin-top:20px; margin-bottom:8px; border-bottom:2px solid #e5e7eb; padding-bottom:4px;"">💡 Key Takeaways</h2>
<ul style=""margin-top:6px; margin-bottom:12px; padding-left:24px;"">
  <li style=""margin-bottom:4px; color:#374151;"">The ADK Python SDK enables full programmatic control over agent memory, tools, and execution traces.</li>
  <li style=""margin-bottom:4px; color:#374151;"">Structured outputs ensure seamless integration into existing REST APIs and microservices.</li>
</ul>",https://share.descript.com/view/kT2yIEf5llZ,C03_CH03_L03_vector_stores_custom_retrievers.mp4,Last video we filled a knowledge base. Today we tune what comes back when you query it. Two control points: the vector store you pick at creation and the retrieval strategy you pick at query time. Plus the API you will reach for when you need to debug what your agent is actually seeing. Same setup. We boot a fresh knowledge base this time multiple short docs so retrieval has something to choose between. Five short VeriStack docs that our made-up company for the tutorial each on a different topic: SSO rate limits data export and audit logs. Different topics mean retrieval has to actually pick the right one. With a single doc the retrieval story is a little bit boring. Quick aside on the vector store. The knowledge base defaults to Kudrent under the hood. The SDK also supports Weaviate pgvector Milvus and Neptune. Set vector_store to Weaviate and so on at creation time. The picking rule is short. Stay on Kudrent unless your team already has a different vector DB in production. Don introduce new infrastructure unless you really need it. When you debugging what your agent is seeing don just look at the agent answer. Look at what got retrieved. KB Query is the raw retrieval API. Pass a question get back ranked chunks with scores no agent in the loop. Three things on the call: the query string.top_k for how many chunks to return. By default retrieval_type is basic and score_threshold is zero. Those are next. Three results. Top one is data export at zero point forty-seven exactly the doc we asking about. Second is audit logs at zero point thirty-one which makes sense. Anything mentioning data overlaps a bit This is SSO at zero point twelve low confidence basically noise. And the score column is the most useful debugging signal here. If your top result is below zero point three or point four your retrieval is uncertain and your agent answer is probably uncertain too. This API is what you reach for when an agent gives you a weird answer and the first question is: what did it actually retrieve? Four strategies on retrieval type. Pick one based on the shape of your queries. Basic is the default. Straight vector similarity fast predictable the right starting point. Use it until you have a reason not to. MMR is maximal marginal relevance vector similarity plus a diversity penalty so you don get five chunks that all say nearly the same thing. Reach for this when your knowledge base has redundant docs and the agent keeps getting near duplicate context. HYDE is hypothetical document embeddings. The model first imagines what an ideal answer would look like embeds that and searches against it. Better recall when the user question is vague or short how do exports work? And the relevant chunk is phrased very differently from the question. Time_aware weights recency on top of similarity. Useful when your knowledge base has version docs and you want the latest. Adds a time_dk_factor parameter you can tune. Picking rule. Default is basic. Switch to MMR if you getting redundant chunks. Switch to HYDE if your queries are vague and recall is weak. Switch to time_aware when recency matters. Same query different ranking. Top two are unchanged. Data export and
Lyzr for Technical Professionals,Chapter 03: RAG & Memory,Agent Memory Basics,"<h1 style=""color:#651a39; font-weight:700; font-size:24px; margin-top:0; margin-bottom:12px;"">Agent Memory Basics</h1>

<h2 style=""color:#111827; font-weight:700; font-size:18px; margin-top:20px; margin-bottom:8px; border-bottom:2px solid #e5e7eb; padding-bottom:4px;"">🎯 Learning Objectives</h2>
<ul style=""margin-top:6px; margin-bottom:12px; padding-left:24px;"">
  <li style=""margin-bottom:4px; color:#374151;"">Build custom AI agent applications programmatically using the Lyzr ADK Python SDK.</li>
  <li style=""margin-bottom:4px; color:#374151;"">Manage LLM provider switching, streaming responses, and structured Pydantic outputs.</li>
  <li style=""margin-bottom:4px; color:#374151;"">Implement custom RAG pipelines, vector store retrievers, and function-calling tools.</li>
</ul>

<h2 style=""color:#111827; font-weight:700; font-size:18px; margin-top:20px; margin-bottom:8px; border-bottom:2px solid #e5e7eb; padding-bottom:4px;"">📚 Technical Reference & Code Architecture</h2>
<p style=""color:#374151; line-height:1.6; margin-top:6px; margin-bottom:10px;"">The Lyzr ADK (<code style=""background-color:#f3f4f6; color:#d97706; padding:2px 6px; border-radius:4px; font-family:monospace; font-weight:600;"">lyzr-agent-api</code>) provides developer-first abstractions for composing stateful agents, memory stores, and custom tools.</p>

<p style=""color:#374151; line-height:1.6; margin-top:6px; margin-bottom:10px;"">Key Code Constructs:</p>
<ul style=""margin-top:6px; margin-bottom:12px; padding-left:24px;"">
  <li style=""margin-bottom:4px; color:#374151;""><b><code style=""background-color:#f3f4f6; color:#d97706; padding:2px 6px; border-radius:4px; font-family:monospace; font-weight:600;"">Agent</code> Class:</b> Core class for initializing agents with system prompts and model parameters.</li>
  <li style=""margin-bottom:4px; color:#374151;""><b>Provider Interchangeability:</b> Easily switch between <code style=""background-color:#f3f4f6; color:#d97706; padding:2px 6px; border-radius:4px; font-family:monospace; font-weight:600;"">OpenAI</code>, <code style=""background-color:#f3f4f6; color:#d97706; padding:2px 6px; border-radius:4px; font-family:monospace; font-weight:600;"">Anthropic</code>, <code style=""background-color:#f3f4f6; color:#d97706; padding:2px 6px; border-radius:4px; font-family:monospace; font-weight:600;"">Gemini</code>, or local Ollama endpoints.</li>
  <li style=""margin-bottom:4px; color:#374151;""><b>Structured Output:</b> Enforce strict JSON output schemas using Pydantic models.</li>
</ul>

<h2 style=""color:#111827; font-weight:700; font-size:18px; margin-top:20px; margin-bottom:8px; border-bottom:2px solid #e5e7eb; padding-bottom:4px;"">🛠️ Step-by-Step Implementation Guide</h2>
<p style=""color:#374151; line-height:1.6; margin-top:6px; margin-bottom:10px;"">1. <b>Install Lyzr SDK:</b></p>
   <pre style=""background-color:#1e1e2e; color:#f8f8f2; padding:14px; border-radius:6px; font-family:monospace; overflow-x:auto; line-height:1.4;""><code>pip install lyzr-agent-api</code></pre>
<p style=""color:#374151; line-height:1.6; margin-top:6px; margin-bottom:10px;"">2. <b>Initialize Agent:</b></p>
   <pre style=""background-color:#1e1e2e; color:#f8f8f2; padding:14px; border-radius:6px; font-family:monospace; overflow-x:auto; line-height:1.4;""><code>from lyzr_agent_api import Agent, Environment
   
<p style=""color:#374151; line-height:1.6; margin-top:6px; margin-bottom:10px;"">agent = Agent(</p>
<p style=""color:#374151; line-height:1.6; margin-top:6px; margin-bottom:10px;"">name=""Agent Memory Basics Agent"",</p>
<p style=""color:#374151; line-height:1.6; margin-top:6px; margin-bottom:10px;"">instructions=""You are an expert technical assistant."",</p>
<p style=""color:#374151; line-height:1.6; margin-top:6px; margin-bottom:10px;"">model=""gpt-4o""</p>
<p style=""color:#374151; line-height:1.6; margin-top:6px; margin-bottom:10px;"">)</code></pre></p>
<p style=""color:#374151; line-height:1.6; margin-top:6px; margin-bottom:10px;"">3. <b>Run Query & Stream Response:</b></p>
   <pre style=""background-color:#1e1e2e; color:#f8f8f2; padding:14px; border-radius:6px; font-family:monospace; overflow-x:auto; line-height:1.4;""><code>response = agent.run(user_prompt=""Explain execution traces."")
<p style=""color:#374151; line-height:1.6; margin-top:6px; margin-bottom:10px;"">print(response)</code></pre></p>

<h2 style=""color:#111827; font-weight:700; font-size:18px; margin-top:20px; margin-bottom:8px; border-bottom:2px solid #e5e7eb; padding-bottom:4px;"">💡 Key Takeaways</h2>
<ul style=""margin-top:6px; margin-bottom:12px; padding-left:24px;"">
  <li style=""margin-bottom:4px; color:#374151;"">The ADK Python SDK enables full programmatic control over agent memory, tools, and execution traces.</li>
  <li style=""margin-bottom:4px; color:#374151;"">Structured outputs ensure seamless integration into existing REST APIs and microservices.</li>
</ul>",https://share.descript.com/view/soJ5OJwX7Nk,C03_CH03_L04_agent_memory_basics.mp4,Agents are stateless by default. Run two queries through the same agent the second one has no idea what happened in the first. Today we add memory three kinds of it depending on what you actually need to remember and for how long. We run two of them live the simple in-session case and persistent semantic memory and walk through the third. Same setup as the rest of the series. Quick demo to make stateless concrete. Agent has no memory parameter no session ID. Two turns. First one establishes context. Second one needs that context. Watch what happens. There it is. The agent has no idea I told it I have eight engineers so it gave me a generic playbook covering every team size from eight to sixty plus with rules of thumb for each bracket and then four clarifying questions at the bottom. Useful content but it working blind. The team size from turn one didn carry into turn two. That what stateless looks like in practice. Two changes. Memory equals ten on create_agent. That a rolling window of the last ten messages. And every agent.run gets a session ID. Same string on both turns means the SDK threads them together. Different string means different conversation fresh context. And completely different answer. First line for a data infra team of eight engineers. Both the team size and the data infrastructure context from turn one are right there. Specific recommendation six seats default eight if everyone logs in four for a minimal subset. Same agent shape as before two new lines of code. Memory parameter on create_agent and session ID on every turn. The agent went from Here\ a playbook for every possible team size to Here\ the answer for your team. One gotcha worth stating out loud. If you forget session ID the SDK auto-generates one per call. Memory is on but every call lands in a fresh session so nothing connects. This is the most common why isn memory working bug. Check the session ID first. What we just used is one of many memory systems in Leizer. They solve different problems. One conversation memory. What we just did a rolling window of the last end messages scoped by session ID. Lives in the agent expires with the conversation. Reach for this when the agent needs to remember what the user said two turns ago. That eighty percent case. Chatbots support flows anything multi-turn. Two Cognis. Persistent semantic memory a separate client. Stores conversations long term scoped by owner and agent and session and you can search them by meaning later. Different sessions different days. The agent can still recall what the user told it months ago. Let run it. There the result. Score one point zero. Perfect match. And the original messages comes back. Our compliance team needs SOC two evidence quarterly and we use Vanta for evidence collection. Different session different question wording. Cognis still pull the SOC two mention back. That the cross-session piece conversation memory can do. On a fresh Cognis account you get exactly the doc you put in. On a real account with months of conversation the same search returns ranked results across everything that relevant. Owner ID agent ID and session ID give you the scoping to keep one tenant
Lyzr for Technical Professionals,Chapter 03: RAG & Memory,Conversation Memory & Persistence,"<h1 style=""color:#651a39; font-weight:700; font-size:24px; margin-top:0; margin-bottom:12px;"">Conversation Memory & Persistence</h1>

<h2 style=""color:#111827; font-weight:700; font-size:18px; margin-top:20px; margin-bottom:8px; border-bottom:2px solid #e5e7eb; padding-bottom:4px;"">🎯 Learning Objectives</h2>
<ul style=""margin-top:6px; margin-bottom:12px; padding-left:24px;"">
  <li style=""margin-bottom:4px; color:#374151;"">Build custom AI agent applications programmatically using the Lyzr ADK Python SDK.</li>
  <li style=""margin-bottom:4px; color:#374151;"">Manage LLM provider switching, streaming responses, and structured Pydantic outputs.</li>
  <li style=""margin-bottom:4px; color:#374151;"">Implement custom RAG pipelines, vector store retrievers, and function-calling tools.</li>
</ul>

<h2 style=""color:#111827; font-weight:700; font-size:18px; margin-top:20px; margin-bottom:8px; border-bottom:2px solid #e5e7eb; padding-bottom:4px;"">📚 Technical Reference & Code Architecture</h2>
<p style=""color:#374151; line-height:1.6; margin-top:6px; margin-bottom:10px;"">The Lyzr ADK (<code style=""background-color:#f3f4f6; color:#d97706; padding:2px 6px; border-radius:4px; font-family:monospace; font-weight:600;"">lyzr-agent-api</code>) provides developer-first abstractions for composing stateful agents, memory stores, and custom tools.</p>

<p style=""color:#374151; line-height:1.6; margin-top:6px; margin-bottom:10px;"">Key Code Constructs:</p>
<ul style=""margin-top:6px; margin-bottom:12px; padding-left:24px;"">
  <li style=""margin-bottom:4px; color:#374151;""><b><code style=""background-color:#f3f4f6; color:#d97706; padding:2px 6px; border-radius:4px; font-family:monospace; font-weight:600;"">Agent</code> Class:</b> Core class for initializing agents with system prompts and model parameters.</li>
  <li style=""margin-bottom:4px; color:#374151;""><b>Provider Interchangeability:</b> Easily switch between <code style=""background-color:#f3f4f6; color:#d97706; padding:2px 6px; border-radius:4px; font-family:monospace; font-weight:600;"">OpenAI</code>, <code style=""background-color:#f3f4f6; color:#d97706; padding:2px 6px; border-radius:4px; font-family:monospace; font-weight:600;"">Anthropic</code>, <code style=""background-color:#f3f4f6; color:#d97706; padding:2px 6px; border-radius:4px; font-family:monospace; font-weight:600;"">Gemini</code>, or local Ollama endpoints.</li>
  <li style=""margin-bottom:4px; color:#374151;""><b>Structured Output:</b> Enforce strict JSON output schemas using Pydantic models.</li>
</ul>

<h2 style=""color:#111827; font-weight:700; font-size:18px; margin-top:20px; margin-bottom:8px; border-bottom:2px solid #e5e7eb; padding-bottom:4px;"">🛠️ Step-by-Step Implementation Guide</h2>
<p style=""color:#374151; line-height:1.6; margin-top:6px; margin-bottom:10px;"">1. <b>Install Lyzr SDK:</b></p>
   <pre style=""background-color:#1e1e2e; color:#f8f8f2; padding:14px; border-radius:6px; font-family:monospace; overflow-x:auto; line-height:1.4;""><code>pip install lyzr-agent-api</code></pre>
<p style=""color:#374151; line-height:1.6; margin-top:6px; margin-bottom:10px;"">2. <b>Initialize Agent:</b></p>
   <pre style=""background-color:#1e1e2e; color:#f8f8f2; padding:14px; border-radius:6px; font-family:monospace; overflow-x:auto; line-height:1.4;""><code>from lyzr_agent_api import Agent, Environment
   
<p style=""color:#374151; line-height:1.6; margin-top:6px; margin-bottom:10px;"">agent = Agent(</p>
<p style=""color:#374151; line-height:1.6; margin-top:6px; margin-bottom:10px;"">name=""Conversation Memory &amp; Persistence Agent"",</p>
<p style=""color:#374151; line-height:1.6; margin-top:6px; margin-bottom:10px;"">instructions=""You are an expert technical assistant."",</p>
<p style=""color:#374151; line-height:1.6; margin-top:6px; margin-bottom:10px;"">model=""gpt-4o""</p>
<p style=""color:#374151; line-height:1.6; margin-top:6px; margin-bottom:10px;"">)</code></pre></p>
<p style=""color:#374151; line-height:1.6; margin-top:6px; margin-bottom:10px;"">3. <b>Run Query & Stream Response:</b></p>
   <pre style=""background-color:#1e1e2e; color:#f8f8f2; padding:14px; border-radius:6px; font-family:monospace; overflow-x:auto; line-height:1.4;""><code>response = agent.run(user_prompt=""Explain execution traces."")
<p style=""color:#374151; line-height:1.6; margin-top:6px; margin-bottom:10px;"">print(response)</code></pre></p>

<h2 style=""color:#111827; font-weight:700; font-size:18px; margin-top:20px; margin-bottom:8px; border-bottom:2px solid #e5e7eb; padding-bottom:4px;"">💡 Key Takeaways</h2>
<ul style=""margin-top:6px; margin-bottom:12px; padding-left:24px;"">
  <li style=""margin-bottom:4px; color:#374151;"">The ADK Python SDK enables full programmatic control over agent memory, tools, and execution traces.</li>
  <li style=""margin-bottom:4px; color:#374151;"">Structured outputs ensure seamless integration into existing REST APIs and microservices.</li>
</ul>",https://share.descript.com/view/n6bwiP6ooLy,C03_CH03_L05_conversation_memory_persistence.mp4,Last video we proved memory works in two turns. Today we wire it into something usable. A chat helper for multi-turn flows and the pattern for keeping different users conversations separate on the same agent. Same setup as the rest of the series. First a small chat helper so we can have an actual conversation instead of one-off agent dot run calls. The function prints both sides of the exchange and threads the same session ID through every call. Memory equals twenty is a rolling window of the last twenty messages enough for a real exchange. Pass a message and a session ID and the agent threads them together. Three exchanges. Turn one onboarding checklist. Turn two I add remote from London and the agent adjusts. UK shipping remote first MDM time zone support coverage. Turn three I just say all of this and the agent threads a full timeline against everything from the previous two turns memory doing the work. Same agent two users two session IDs. Same identifying question to both. Sarah session knows about Sarah and the design system team. Marcus session knows about Marcus and platform. Neither one leaks into the other. This is the pattern for any multi-tenant or multi-user chatbot. One agent one session ID per user. That conversation memory in production shape. A chat helper that threads session ID for multi-turn flows and one session ID per user for clean multi-tenant isolation. Next video is the second knowledge and memory capstone a document Q&A bot that pulls everything from this block together. Knowledge base ingestion retrieval tuning conversation memory all in one app. I Felipe with Lieser. Until next time.
Lyzr for Technical Professionals,Chapter 03: RAG & Memory,Project: Document Q&A Bot,"<h1 style=""color:#651a39; font-weight:700; font-size:24px; margin-top:0; margin-bottom:12px;"">Project: Document Q&A Bot</h1>

<h2 style=""color:#111827; font-weight:700; font-size:18px; margin-top:20px; margin-bottom:8px; border-bottom:2px solid #e5e7eb; padding-bottom:4px;"">🎯 Learning Objectives</h2>
<ul style=""margin-top:6px; margin-bottom:12px; padding-left:24px;"">
  <li style=""margin-bottom:4px; color:#374151;"">Build custom AI agent applications programmatically using the Lyzr ADK Python SDK.</li>
  <li style=""margin-bottom:4px; color:#374151;"">Manage LLM provider switching, streaming responses, and structured Pydantic outputs.</li>
  <li style=""margin-bottom:4px; color:#374151;"">Implement custom RAG pipelines, vector store retrievers, and function-calling tools.</li>
</ul>

<h2 style=""color:#111827; font-weight:700; font-size:18px; margin-top:20px; margin-bottom:8px; border-bottom:2px solid #e5e7eb; padding-bottom:4px;"">📚 Technical Reference & Code Architecture</h2>
<p style=""color:#374151; line-height:1.6; margin-top:6px; margin-bottom:10px;"">The Lyzr ADK (<code style=""background-color:#f3f4f6; color:#d97706; padding:2px 6px; border-radius:4px; font-family:monospace; font-weight:600;"">lyzr-agent-api</code>) provides developer-first abstractions for composing stateful agents, memory stores, and custom tools.</p>

<p style=""color:#374151; line-height:1.6; margin-top:6px; margin-bottom:10px;"">Key Code Constructs:</p>
<ul style=""margin-top:6px; margin-bottom:12px; padding-left:24px;"">
  <li style=""margin-bottom:4px; color:#374151;""><b><code style=""background-color:#f3f4f6; color:#d97706; padding:2px 6px; border-radius:4px; font-family:monospace; font-weight:600;"">Agent</code> Class:</b> Core class for initializing agents with system prompts and model parameters.</li>
  <li style=""margin-bottom:4px; color:#374151;""><b>Provider Interchangeability:</b> Easily switch between <code style=""background-color:#f3f4f6; color:#d97706; padding:2px 6px; border-radius:4px; font-family:monospace; font-weight:600;"">OpenAI</code>, <code style=""background-color:#f3f4f6; color:#d97706; padding:2px 6px; border-radius:4px; font-family:monospace; font-weight:600;"">Anthropic</code>, <code style=""background-color:#f3f4f6; color:#d97706; padding:2px 6px; border-radius:4px; font-family:monospace; font-weight:600;"">Gemini</code>, or local Ollama endpoints.</li>
  <li style=""margin-bottom:4px; color:#374151;""><b>Structured Output:</b> Enforce strict JSON output schemas using Pydantic models.</li>
</ul>

<h2 style=""color:#111827; font-weight:700; font-size:18px; margin-top:20px; margin-bottom:8px; border-bottom:2px solid #e5e7eb; padding-bottom:4px;"">🛠️ Step-by-Step Implementation Guide</h2>
<p style=""color:#374151; line-height:1.6; margin-top:6px; margin-bottom:10px;"">1. <b>Install Lyzr SDK:</b></p>
   <pre style=""background-color:#1e1e2e; color:#f8f8f2; padding:14px; border-radius:6px; font-family:monospace; overflow-x:auto; line-height:1.4;""><code>pip install lyzr-agent-api</code></pre>
<p style=""color:#374151; line-height:1.6; margin-top:6px; margin-bottom:10px;"">2. <b>Initialize Agent:</b></p>
   <pre style=""background-color:#1e1e2e; color:#f8f8f2; padding:14px; border-radius:6px; font-family:monospace; overflow-x:auto; line-height:1.4;""><code>from lyzr_agent_api import Agent, Environment
   
<p style=""color:#374151; line-height:1.6; margin-top:6px; margin-bottom:10px;"">agent = Agent(</p>
<p style=""color:#374151; line-height:1.6; margin-top:6px; margin-bottom:10px;"">name=""Project: Document Q&amp;A Bot Agent"",</p>
<p style=""color:#374151; line-height:1.6; margin-top:6px; margin-bottom:10px;"">instructions=""You are an expert technical assistant."",</p>
<p style=""color:#374151; line-height:1.6; margin-top:6px; margin-bottom:10px;"">model=""gpt-4o""</p>
<p style=""color:#374151; line-height:1.6; margin-top:6px; margin-bottom:10px;"">)</code></pre></p>
<p style=""color:#374151; line-height:1.6; margin-top:6px; margin-bottom:10px;"">3. <b>Run Query & Stream Response:</b></p>
   <pre style=""background-color:#1e1e2e; color:#f8f8f2; padding:14px; border-radius:6px; font-family:monospace; overflow-x:auto; line-height:1.4;""><code>response = agent.run(user_prompt=""Explain execution traces."")
<p style=""color:#374151; line-height:1.6; margin-top:6px; margin-bottom:10px;"">print(response)</code></pre></p>

<h2 style=""color:#111827; font-weight:700; font-size:18px; margin-top:20px; margin-bottom:8px; border-bottom:2px solid #e5e7eb; padding-bottom:4px;"">💡 Key Takeaways</h2>
<ul style=""margin-top:6px; margin-bottom:12px; padding-left:24px;"">
  <li style=""margin-bottom:4px; color:#374151;"">The ADK Python SDK enables full programmatic control over agent memory, tools, and execution traces.</li>
  <li style=""margin-bottom:4px; color:#374151;"">Structured outputs ensure seamless integration into existing REST APIs and microservices.</li>
</ul>",https://share.descript.com/view/3ryANcnn2MN,C03_CH03_L06_project_document_q_a_bot.mp4,Today we will work on the second knowledge and memory capstone. We going to wire together everything from videos ten through fourteen: a knowledge base with multiple Verstack docs per-call retrieval tuning conversation memory threaded by session ID and the strict instructions that make the agent refuse cleanly when info isn available. No new APIs just orchestration Here the shape. User sends a message. The agent retrieves from the knowledge base with per call config top K MMR score threshold. Memory threads the session ID across turns so the agent knows what the user said earlier. The agent generates the response grounded in retrieved facts plus the conversation so far Two pieces of state the knowledge base aesthetic same docs same retrieval API call after the call The conversation memory is dynamic. It grows with every turn scoped by the session ID. They work together but they independent. Call this pattern ground every turn Retrieval grounds each individual response in facts. Memory keeps the user intent threaded across responses Same five very stacked docs from video 12: SSO rate limits data export audit logs. Multiple topics so retrieval has to actually pick the right one each turn. Knowledge base defaults to Qdrant. We cover the other options in video 12. Agent gets the same strict instructions we built up in video 10 and Titan in 11 Only answers from VeriStack documentation in context and falls back to the fixed refusal phrase otherwise. Plus memory equals twenty a rolling window for the conversation. Softer than video ten strict refusal pattern it explicitly permits synthesis across docs but tells the agent to distinguish two modes. How do I X gets a focused answer from the relevant doc? What different about Y gets a synthesis. That split is what stops the agent from dumping every retrieved doc for a specific question while still letting it compare across the corpus when the user asks for a comparison. Now the chat helper. Two arguments the message and the session ID. Inside the knowledge base gets wrapped with with_config per call. Memory threads through session ID on agent.run. Six lines knowledge base gets top K five for this call. Memory threads via session_ID from video fourteen all four building blocks doing their job in one function. Four turns each one builds on the previous. Watch for memory threading the business plan context and retrieval pulling different docs each turn. The interesting one is turn three. The agent pulled across three docs to compare plans and notice SSO isn actually a differentiator. That synthesis plus memory of the business plan context from turn one doing the work. The other three grounded retrieval focused answers memory carrying the context across turns. Same knowledge base two modes focus doc for how do I synthesis for comparison. That the capstone The pattern named Ground Every Turn. The knowledge base is the source of truth updated independently of any conversation. Retrieval pulls from it fresh on every turn. No caching no staleness. Memory is the conversation scoped to the session ID. It grows with each turn kept at the rolling window we set carries user intent across turns Per-call retrieval config is the lever. Same knowledge base different with_config for different agents or different turns. Production code tunes ... [Full transcript stored locally in CSV export]
Lyzr for Technical Professionals,Chapter 04: Tools & MCP,Why Tools Matter,"<h1 style=""color:#651a39; font-weight:700; font-size:24px; margin-top:0; margin-bottom:12px;"">Why Tools Matter</h1>

<h2 style=""color:#111827; font-weight:700; font-size:18px; margin-top:20px; margin-bottom:8px; border-bottom:2px solid #e5e7eb; padding-bottom:4px;"">🎯 Learning Objectives</h2>
<ul style=""margin-top:6px; margin-bottom:12px; padding-left:24px;"">
  <li style=""margin-bottom:4px; color:#374151;"">Build custom AI agent applications programmatically using the Lyzr ADK Python SDK.</li>
  <li style=""margin-bottom:4px; color:#374151;"">Manage LLM provider switching, streaming responses, and structured Pydantic outputs.</li>
  <li style=""margin-bottom:4px; color:#374151;"">Implement custom RAG pipelines, vector store retrievers, and function-calling tools.</li>
</ul>

<h2 style=""color:#111827; font-weight:700; font-size:18px; margin-top:20px; margin-bottom:8px; border-bottom:2px solid #e5e7eb; padding-bottom:4px;"">📚 Technical Reference & Code Architecture</h2>
<p style=""color:#374151; line-height:1.6; margin-top:6px; margin-bottom:10px;"">The Lyzr ADK (<code style=""background-color:#f3f4f6; color:#d97706; padding:2px 6px; border-radius:4px; font-family:monospace; font-weight:600;"">lyzr-agent-api</code>) provides developer-first abstractions for composing stateful agents, memory stores, and custom tools.</p>

<p style=""color:#374151; line-height:1.6; margin-top:6px; margin-bottom:10px;"">Key Code Constructs:</p>
<ul style=""margin-top:6px; margin-bottom:12px; padding-left:24px;"">
  <li style=""margin-bottom:4px; color:#374151;""><b><code style=""background-color:#f3f4f6; color:#d97706; padding:2px 6px; border-radius:4px; font-family:monospace; font-weight:600;"">Agent</code> Class:</b> Core class for initializing agents with system prompts and model parameters.</li>
  <li style=""margin-bottom:4px; color:#374151;""><b>Provider Interchangeability:</b> Easily switch between <code style=""background-color:#f3f4f6; color:#d97706; padding:2px 6px; border-radius:4px; font-family:monospace; font-weight:600;"">OpenAI</code>, <code style=""background-color:#f3f4f6; color:#d97706; padding:2px 6px; border-radius:4px; font-family:monospace; font-weight:600;"">Anthropic</code>, <code style=""background-color:#f3f4f6; color:#d97706; padding:2px 6px; border-radius:4px; font-family:monospace; font-weight:600;"">Gemini</code>, or local Ollama endpoints.</li>
  <li style=""margin-bottom:4px; color:#374151;""><b>Structured Output:</b> Enforce strict JSON output schemas using Pydantic models.</li>
</ul>

<h2 style=""color:#111827; font-weight:700; font-size:18px; margin-top:20px; margin-bottom:8px; border-bottom:2px solid #e5e7eb; padding-bottom:4px;"">🛠️ Step-by-Step Implementation Guide</h2>
<p style=""color:#374151; line-height:1.6; margin-top:6px; margin-bottom:10px;"">1. <b>Install Lyzr SDK:</b></p>
   <pre style=""background-color:#1e1e2e; color:#f8f8f2; padding:14px; border-radius:6px; font-family:monospace; overflow-x:auto; line-height:1.4;""><code>pip install lyzr-agent-api</code></pre>
<p style=""color:#374151; line-height:1.6; margin-top:6px; margin-bottom:10px;"">2. <b>Initialize Agent:</b></p>
   <pre style=""background-color:#1e1e2e; color:#f8f8f2; padding:14px; border-radius:6px; font-family:monospace; overflow-x:auto; line-height:1.4;""><code>from lyzr_agent_api import Agent, Environment
   
<p style=""color:#374151; line-height:1.6; margin-top:6px; margin-bottom:10px;"">agent = Agent(</p>
<p style=""color:#374151; line-height:1.6; margin-top:6px; margin-bottom:10px;"">name=""Why Tools Matter Agent"",</p>
<p style=""color:#374151; line-height:1.6; margin-top:6px; margin-bottom:10px;"">instructions=""You are an expert technical assistant."",</p>
<p style=""color:#374151; line-height:1.6; margin-top:6px; margin-bottom:10px;"">model=""gpt-4o""</p>
<p style=""color:#374151; line-height:1.6; margin-top:6px; margin-bottom:10px;"">)</code></pre></p>
<p style=""color:#374151; line-height:1.6; margin-top:6px; margin-bottom:10px;"">3. <b>Run Query & Stream Response:</b></p>
   <pre style=""background-color:#1e1e2e; color:#f8f8f2; padding:14px; border-radius:6px; font-family:monospace; overflow-x:auto; line-height:1.4;""><code>response = agent.run(user_prompt=""Explain execution traces."")
<p style=""color:#374151; line-height:1.6; margin-top:6px; margin-bottom:10px;"">print(response)</code></pre></p>

<h2 style=""color:#111827; font-weight:700; font-size:18px; margin-top:20px; margin-bottom:8px; border-bottom:2px solid #e5e7eb; padding-bottom:4px;"">💡 Key Takeaways</h2>
<ul style=""margin-top:6px; margin-bottom:12px; padding-left:24px;"">
  <li style=""margin-bottom:4px; color:#374151;"">The ADK Python SDK enables full programmatic control over agent memory, tools, and execution traces.</li>
  <li style=""margin-bottom:4px; color:#374151;"">Structured outputs ensure seamless integration into existing REST APIs and microservices.</li>
</ul>",https://share.descript.com/view/JYCOaor01EZ,C03_CH04_L01_why_tools_matter.mp4,Hello everyone. I am Shruti from the Partner Enablement team at Leizer. In this video we will have a brief walk-through of what Leizer is all about. Let say you are getting into the agentic world. You start by building a simple agent and then you realize how powerful agents are and you start building agents. Slowly you want memory for the agents then comes the rag then comes integration with multiple tools putting together the guardrails so that the agents can be safely deployed to production putting together the testing framework for the agent observability for the agent and soon you realize there are lots of different pieces that are just out of your control. And that is where Leizer is your friend. It is a one-stop shop for managing the complete agent life cycle At Lysa we help enterprises reimagine their complex workflows with agentic AI automation. Let see some of the examples as to how Lysa has helped clients. So we have multiple clients across the globe and our mission is to take the workloads from being people native to being agent native. So here is an example of how we have helped WTW put together a retirement advisory solution. Yet another example that we have is for Accenture where we have put together a corporate venture capital function for them and now they have Agentic OS running two hundred plus agents multiple functions and it has just made their life very easy Here is yet another example of how we have helped KPMG to put together their procurement lifecycle solutions Now that you already know that it can put together multiple different types of solutions let us see how the Laiza stack is put together. At the bottommost layer of the stack is the infrastructure layer. The infrastructure layer specifies where all Laiza can be deployed. It can be deployed on any of the cloud providers be it Azure AWS or GCP. It can also be deployed on on-prem solutions like bare metal virtual machines. On top of this infrastructure layer is the integration layer with multiple models and third-party tools. As an agent it needs to have a model that powers the agent as well as it needs to interact with different third-party tools. All of this integration is taken care of at this layer. Then comes the agent framework the layer which takes care of how to develop and deploy the agents. And then comes the Laiza agent studio layer. This is the layer which interacts directly with the client. You as the user of Laiza will be working
Lyzr for Technical Professionals,Chapter 04: Tools & MCP,Writing Custom Local Tools,"<h1 style=""color:#651a39; font-weight:700; font-size:24px; margin-top:0; margin-bottom:12px;"">Writing Custom Local Tools</h1>

<h2 style=""color:#111827; font-weight:700; font-size:18px; margin-top:20px; margin-bottom:8px; border-bottom:2px solid #e5e7eb; padding-bottom:4px;"">🎯 Learning Objectives</h2>
<ul style=""margin-top:6px; margin-bottom:12px; padding-left:24px;"">
  <li style=""margin-bottom:4px; color:#374151;"">Build custom AI agent applications programmatically using the Lyzr ADK Python SDK.</li>
  <li style=""margin-bottom:4px; color:#374151;"">Manage LLM provider switching, streaming responses, and structured Pydantic outputs.</li>
  <li style=""margin-bottom:4px; color:#374151;"">Implement custom RAG pipelines, vector store retrievers, and function-calling tools.</li>
</ul>

<h2 style=""color:#111827; font-weight:700; font-size:18px; margin-top:20px; margin-bottom:8px; border-bottom:2px solid #e5e7eb; padding-bottom:4px;"">📚 Technical Reference & Code Architecture</h2>
<p style=""color:#374151; line-height:1.6; margin-top:6px; margin-bottom:10px;"">The Lyzr ADK (<code style=""background-color:#f3f4f6; color:#d97706; padding:2px 6px; border-radius:4px; font-family:monospace; font-weight:600;"">lyzr-agent-api</code>) provides developer-first abstractions for composing stateful agents, memory stores, and custom tools.</p>

<p style=""color:#374151; line-height:1.6; margin-top:6px; margin-bottom:10px;"">Key Code Constructs:</p>
<ul style=""margin-top:6px; margin-bottom:12px; padding-left:24px;"">
  <li style=""margin-bottom:4px; color:#374151;""><b><code style=""background-color:#f3f4f6; color:#d97706; padding:2px 6px; border-radius:4px; font-family:monospace; font-weight:600;"">Agent</code> Class:</b> Core class for initializing agents with system prompts and model parameters.</li>
  <li style=""margin-bottom:4px; color:#374151;""><b>Provider Interchangeability:</b> Easily switch between <code style=""background-color:#f3f4f6; color:#d97706; padding:2px 6px; border-radius:4px; font-family:monospace; font-weight:600;"">OpenAI</code>, <code style=""background-color:#f3f4f6; color:#d97706; padding:2px 6px; border-radius:4px; font-family:monospace; font-weight:600;"">Anthropic</code>, <code style=""background-color:#f3f4f6; color:#d97706; padding:2px 6px; border-radius:4px; font-family:monospace; font-weight:600;"">Gemini</code>, or local Ollama endpoints.</li>
  <li style=""margin-bottom:4px; color:#374151;""><b>Structured Output:</b> Enforce strict JSON output schemas using Pydantic models.</li>
</ul>

<h2 style=""color:#111827; font-weight:700; font-size:18px; margin-top:20px; margin-bottom:8px; border-bottom:2px solid #e5e7eb; padding-bottom:4px;"">🛠️ Step-by-Step Implementation Guide</h2>
<p style=""color:#374151; line-height:1.6; margin-top:6px; margin-bottom:10px;"">1. <b>Install Lyzr SDK:</b></p>
   <pre style=""background-color:#1e1e2e; color:#f8f8f2; padding:14px; border-radius:6px; font-family:monospace; overflow-x:auto; line-height:1.4;""><code>pip install lyzr-agent-api</code></pre>
<p style=""color:#374151; line-height:1.6; margin-top:6px; margin-bottom:10px;"">2. <b>Initialize Agent:</b></p>
   <pre style=""background-color:#1e1e2e; color:#f8f8f2; padding:14px; border-radius:6px; font-family:monospace; overflow-x:auto; line-height:1.4;""><code>from lyzr_agent_api import Agent, Environment
   
<p style=""color:#374151; line-height:1.6; margin-top:6px; margin-bottom:10px;"">agent = Agent(</p>
<p style=""color:#374151; line-height:1.6; margin-top:6px; margin-bottom:10px;"">name=""Writing Custom Local Tools Agent"",</p>
<p style=""color:#374151; line-height:1.6; margin-top:6px; margin-bottom:10px;"">instructions=""You are an expert technical assistant."",</p>
<p style=""color:#374151; line-height:1.6; margin-top:6px; margin-bottom:10px;"">model=""gpt-4o""</p>
<p style=""color:#374151; line-height:1.6; margin-top:6px; margin-bottom:10px;"">)</code></pre></p>
<p style=""color:#374151; line-height:1.6; margin-top:6px; margin-bottom:10px;"">3. <b>Run Query & Stream Response:</b></p>
   <pre style=""background-color:#1e1e2e; color:#f8f8f2; padding:14px; border-radius:6px; font-family:monospace; overflow-x:auto; line-height:1.4;""><code>response = agent.run(user_prompt=""Explain execution traces."")
<p style=""color:#374151; line-height:1.6; margin-top:6px; margin-bottom:10px;"">print(response)</code></pre></p>

<h2 style=""color:#111827; font-weight:700; font-size:18px; margin-top:20px; margin-bottom:8px; border-bottom:2px solid #e5e7eb; padding-bottom:4px;"">💡 Key Takeaways</h2>
<ul style=""margin-top:6px; margin-bottom:12px; padding-left:24px;"">
  <li style=""margin-bottom:4px; color:#374151;"">The ADK Python SDK enables full programmatic control over agent memory, tools, and execution traces.</li>
  <li style=""margin-bottom:4px; color:#374151;"">Structured outputs ensure seamless integration into existing REST APIs and microservices.</li>
</ul>",https://share.descript.com/view/JYCOaor01EZ,C03_CH04_L02_writing_custom_local_tools.mp4,Hello everyone. I am Shruti from the Partner Enablement team at Leizer. In this video we will have a brief walk-through of what Leizer is all about. Let say you are getting into the agentic world. You start by building a simple agent and then you realize how powerful agents are and you start building agents. Slowly you want memory for the agents then comes the rag then comes integration with multiple tools putting together the guardrails so that the agents can be safely deployed to production putting together the testing framework for the agent observability for the agent and soon you realize there are lots of different pieces that are just out of your control. And that is where Leizer is your friend. It is a one-stop shop for managing the complete agent life cycle At Lysa we help enterprises reimagine their complex workflows with agentic AI automation. Let see some of the examples as to how Lysa has helped clients. So we have multiple clients across the globe and our mission is to take the workloads from being people native to being agent native. So here is an example of how we have helped WTW put together a retirement advisory solution. Yet another example that we have is for Accenture where we have put together a corporate venture capital function for them and now they have Agentic OS running two hundred plus agents multiple functions and it has just made their life very easy Here is yet another example of how we have helped KPMG to put together their procurement lifecycle solutions Now that you already know that it can put together multiple different types of solutions let us see how the Laiza stack is put together. At the bottommost layer of the stack is the infrastructure layer. The infrastructure layer specifies where all Laiza can be deployed. It can be deployed on any of the cloud providers be it Azure AWS or GCP. It can also be deployed on on-prem solutions like bare metal virtual machines. On top of this infrastructure layer is the integration layer with multiple models and third-party tools. As an agent it needs to have a model that powers the agent as well as it needs to interact with different third-party tools. All of this integration is taken care of at this layer. Then comes the agent framework the layer which takes care of how to develop and deploy the agents. And then comes the Laiza agent studio layer. This is the layer which interacts directly with the client. You as the user of Laiza will be working
